,Wavelength,red_10ul,red_15ul,red_45ul,red_Avg,yellow_10ul,yellow_15ul,yellow_45ul,yellow_Avg,green_10ul,green_15ul,green_45ul,green_Avg,blue_10ul,blue_15ul,blue_45ul,blue_Avg
0,350,3.9858295199999993,2.849336,2.5547055999999997,3.1299570399999994,7.507322399999999,4.679542399999999,4.500258133333332,5.56237431111111,4.467599999999998,4.2291104,3.802786666666666,4.166499022222221,1.0644107999999997,1.9576846399999999,1.392195733333333,1.4714303911111106
1,352,4.036213439999999,2.8888304,2.5575343999999998,3.1608594133333328,7.854448799999998,4.9501824,4.815968533333332,5.873533244444444,4.731127199999999,4.5172672,4.0873621333333325,4.445252177777777,1.09507608,2.02348144,1.4298767999999995,1.516144773333333
2,354,4.051517519999999,2.8729728,2.5884063999999993,3.170965573333332,8.2040232,5.2810432,5.114742399999999,6.199936266666666,4.986045599999999,4.7887232,4.347793066666665,4.707520622222222,1.1138563199999998,2.01720096,1.4646474666666662,1.531901582222222
3,356,4.129694399999999,2.9959984,2.6697071999999995,3.265133333333333,8.616143999999998,5.637472000000001,5.485723199999999,6.579779733333332,5.282743199999999,5.152849600000001,4.6791072,5.038233333333333,1.2001687199999997,2.13371216,1.5446063999999995,1.6261624266666663
4,358,4.237855199999999,3.0428912,2.764589866666666,3.348445422222222,9.085099199999998,6.0089968,5.851971199999998,6.982022399999998,5.606613599999998,5.4561568000000005,4.998317333333332,5.35369591111111,1.2508545599999998,2.1543542399999995,1.613277333333333,1.672828711111111
5,360,4.406195999999999,3.2208608,2.9003087999999995,3.509121866666666,9.603095999999997,6.4489296,6.271685333333332,7.441236977777777,5.961491999999998,5.8525152,5.372525866666665,5.728844355555554,1.3291212,2.29368624,1.725858133333333,1.7828885244444443
6,362,4.5668256,3.3356175999999995,3.048449066666666,3.6502974222222218,10.118440799999997,6.841752,6.673003199999999,7.877731999999998,6.310291199999999,6.195208000000001,5.710649066666666,6.072049422222221,1.3958944799999997,2.36342976,1.8086639999999998,1.85599608
7,364,4.730923199999999,3.5089087999999995,3.222166399999999,3.820666133333333,10.705756799999998,7.3379072,7.131631466666665,8.391765155555555,6.691975199999999,6.6626944,6.123245866666666,6.492638488888889,1.5146836799999996,2.5168785599999994,1.9371839999999996,1.9895820799999997
8,366,4.896448799999999,3.6644384,3.395085866666666,3.985324355555555,11.301273599999998,7.7474576,7.567384533333332,8.872038577777777,7.075087199999998,6.9989136,6.4944805333333315,6.856160444444442,1.6044844799999995,2.59231776,2.0334719999999997,2.07675808
9,368,5.094002399999998,3.8542944,3.5902912,4.179529333333332,11.884427999999998,8.2538128,8.037881066666666,9.39204062222222,7.456240799999998,7.450406399999999,6.911810133333332,7.272819111111111,1.6701765599999998,2.727888,2.170741333333333,2.1896019644444444
10,370,5.316647999999998,4.052664,3.8005834666666662,4.389965155555554,12.561095999999997,8.7295136,8.531887466666666,9.940832355555555,7.899736799999999,7.867491200000001,7.337435733333332,7.701554577777777,1.8236294399999997,2.8682944,2.314139733333333,2.335354524444444
11,372,5.509631999999999,4.2216575999999995,4.004021333333332,4.578436977777777,13.202063999999996,9.2527872,9.006327999999998,10.487059733333332,8.305492799999998,8.3426208,7.761057599999999,8.136390399999998,1.9471391999999998,3.0175408000000004,2.4899151999999996,2.4848650666666665
12,374,5.745782399999999,4.4476624000000005,4.218765333333333,4.804070044444444,13.932465599999995,9.750356799999999,9.513562666666665,11.065461688888886,8.761432799999998,8.7895168,8.206756799999999,8.585902133333333,2.11175496,3.2388944,2.6888469333333327,2.6798320977777776
13,376,5.930402399999998,4.5939984,4.421178666666666,4.981859822222222,14.5919976,10.273712,9.994277333333331,11.619995644444444,9.156131999999998,9.243784,8.632980799999997,9.010965599999999,2.2932251999999993,3.4298112,2.914117333333333,2.8790512444444443
14,378,6.1666751999999985,4.8486176,4.642160533333332,5.21915111111111,15.359037599999997,10.814312,10.51978133333333,12.23104364444444,9.626229599999997,9.732785600000001,9.09667733333333,9.485230844444443,2.5539698399999993,3.7133168,3.188338666666666,3.151875102222222
15,380,6.362923199999999,5.014156799999999,4.848753599999999,5.408611199999999,16.0819728,11.3361168,11.006751999999999,12.808280533333331,10.060300799999997,10.186399999999999,9.527162666666666,9.924621155555554,2.7398015999999994,3.9536288,3.4650170666666655,3.386149155555555
16,382,6.568759199999999,5.23396,5.0449199999999985,5.615879733333332,16.7895264,11.848048,11.488554666666664,13.375376355555554,10.480418399999998,10.642952,9.958010666666665,10.360460355555555,2.95895472,4.2495104,3.7434453333333324,3.650636817777777
17,384,6.737385599999998,5.39376,5.249726933333332,5.793624177777777,17.491816799999995,12.3733072,11.96981333333333,13.944979111111108,10.924485599999999,11.07448,10.382058666666664,10.793674755555555,3.1597682399999996,4.4341984,3.9959519999999995,3.863306213333333
18,386,6.921311999999999,5.596753599999999,5.438259199999998,5.985441599999998,18.182723999999997,12.858092799999998,12.440826666666664,14.493881155555554,11.307597599999998,11.538920000000001,10.804565333333331,11.217027644444443,3.362095439999999,4.6693696,4.225102933333333,4.085522657777777
19,388,7.094385599999999,5.7227168,5.623563733333332,6.14688871111111,18.835238399999994,13.309857599999999,12.878655999999998,15.007917333333332,11.707804799999998,11.912294399999999,11.189535999999997,11.603211733333332,3.4871596799999987,4.8112992,4.396743999999999,4.231734293333332
20,390,7.3016087999999995,5.931232,5.809403199999998,6.3474146666666655,19.508071199999996,13.803510399999999,13.336431999999997,15.549337866666663,12.074678399999998,12.3780944,11.60179733333333,12.018190044444443,3.6379523999999996,4.984889600000001,4.571186666666666,4.398009555555555
21,392,7.4513039999999995,6.063940799999999,5.983356266666664,6.499533688888888,20.152139999999996,14.214611200000002,13.749509333333332,16.03875351111111,12.468806399999998,12.7297088,11.963557333333332,12.38735751111111,3.7702545599999993,5.0783488,4.699325866666666,4.515976408888888
22,394,7.591043999999999,6.2118,6.140118933333333,6.647654311111111,20.718443999999995,14.6736112,14.153338666666663,16.515131288888885,12.800102399999998,13.160176,12.342362666666665,12.767547022222223,3.8655592799999994,5.2480496,4.865898666666666,4.659835848888888
23,396,7.726418399999998,6.341571200000001,6.286083199999998,6.784690933333333,21.311349599999996,15.05452,14.53966933333333,16.968512977777774,13.140333599999996,13.484399999999999,12.680911999999996,13.101881866666664,4.010799119999999,5.403361599999999,5.038074666666666,4.817411795555555
24,398,7.840250399999998,6.458775999999999,6.411194133333333,6.903406844444444,21.829060799999997,15.471904,14.905055999999998,17.40200693333333,13.466692799999995,13.8656896,13.033151999999996,13.455178133333328,4.210763999999999,5.628768,5.2936912,5.044407733333332
25,400,7.967097599999999,6.5745664,6.520628799999999,7.020764266666666,22.374026399999995,15.8145152,15.256842666666664,17.815128088888887,13.794439199999996,14.186703999999999,13.35456533333333,13.778569511111108,4.4570327999999995,5.9237519999999995,5.595765333333332,5.32551671111111
26,402,8.021239199999998,6.607968,6.603180799999998,7.077462666666666,22.778109599999997,16.1510608,15.562026666666661,18.163732355555553,14.058904799999997,14.4957232,13.646511999999998,14.067046666666664,4.663317599999998,6.2033952,5.944714133333333,5.603808977777777
27,404,8.114467199999998,6.7148639999999995,6.688470933333332,7.17260071111111,23.240291999999993,16.4540144,15.879178666666661,18.524495022222215,14.351236799999997,14.795766399999998,13.94398933333333,14.363664177777773,4.960219199999999,6.5371391999999995,6.2978245333333325,5.931727644444444
28,406,8.173872,6.7525632,6.7597077333333315,7.228714311111111,23.634664799999996,16.7697248,16.15834133333333,18.85424364444444,14.614763999999996,15.0765792,14.211455999999997,14.634266399999996,5.165932799999998,6.786454399999999,6.600932266666666,6.184439822222221
29,408,8.286887999999998,6.8520064000000005,6.837073599999999,7.325322666666666,24.0437256,17.0512448,16.435781333333328,19.17691724444444,14.876210399999998,15.3563584,14.471487999999997,14.901352266666663,5.342963999999999,7.0099568,6.797452266666665,6.383457688888888
30,410,8.313530399999998,6.872868799999999,6.899561066666665,7.361986755555553,24.34707359999999,17.2947392,16.66589333333333,19.43590204444444,15.037492799999999,15.5559792,14.68246933333333,15.091980444444443,5.322767999999999,6.9819952,6.822358399999998,6.3757072
31,412,8.411327999999997,6.969999999999999,6.971677333333332,7.451001777777776,24.653114399999996,17.531107199999997,16.919759999999993,19.701327199999994,15.247000799999999,15.786063999999998,14.898799999999998,15.3106216,5.203550399999998,6.863729600000001,6.661814933333331,6.243031644444444
32,414,8.509043999999998,7.0273376,7.0462778666666654,7.527553155555554,24.896853599999996,17.747075199999998,17.134639999999997,19.926189599999997,15.463322399999996,15.933025599999999,15.068437333333332,15.488261777777774,4.976294399999999,6.5686368,6.3479813333333315,5.964304177777777
33,416,8.539725599999999,7.1069248,7.111947733333332,7.586199377777777,25.069763999999996,17.925207999999998,17.330207999999995,20.10839333333333,15.577276799999998,16.092091200000002,15.222933333333328,15.63076711111111,4.560542399999999,6.1607456,5.872489066666665,5.531259022222222
34,418,8.589419999999999,7.1479696,7.178397333333331,7.638595644444443,25.265073599999997,18.0917264,17.513263999999996,20.29002133333333,15.711631199999996,16.2088064,15.344789333333331,15.75507564444444,4.1145575999999995,5.597732800000001,5.298904533333332,5.003731644444444
35,420,8.677466399999998,7.239008,7.257649066666665,7.724707822222221,25.400815199999993,18.277121599999997,17.67664533333333,20.451527377777776,15.801676799999997,16.355904,15.453770666666662,15.870450488888887,3.671216639999999,5.0820208000000004,4.7023541333333325,4.485197191111111
36,422,8.763554399999997,7.313998399999999,7.332866133333331,7.803472977777775,25.533823199999997,18.3943536,17.811194666666662,20.579790488888886,15.898454399999999,16.4310576,15.527754666666663,15.95242222222222,3.2117555999999996,4.5391904,4.095712533333333,3.9488861777777777
37,424,8.811739199999998,7.3631488,7.396677333333332,7.857188444444444,25.564708799999995,18.500243199999996,17.907754666666662,20.657568888888886,15.951657599999997,16.462799999999998,15.581973333333332,15.998810311111107,2.7595569599999994,4.0129792,3.526171733333332,3.4329026311111104
38,426,8.887015199999999,7.421628800000001,7.457487466666665,7.922043822222221,25.577397599999998,18.5530928,17.980287999999994,20.7035928,15.986623199999997,16.4847504,15.607994666666661,16.026456088888885,2.3945030399999996,3.5364624,2.9989087999999993,2.976624746666666
39,428,8.896235999999998,7.451113599999999,7.507771199999999,7.951706933333331,25.572093599999995,18.5849712,18.02099733333333,20.726020711111108,15.968140799999997,16.488340800000003,15.605546666666664,16.020676088888887,2.0210157599999996,3.1107823999999997,2.530225599999999,2.5540079199999997
40,430,8.944094399999997,7.5126672,7.565825066666664,8.007528888888887,25.540799999999997,18.6032224,18.045295999999997,20.729772799999996,15.966631199999997,16.4740336,15.58224533333333,16.007636711111108,1.7523803999999996,2.7617248,2.125317333333333,2.2131408444444443
41,432,8.984486399999998,7.54528,7.615882133333332,8.04854951111111,25.488208799999995,18.612008000000003,18.030789333333328,20.710335377777778,15.904084799999994,16.4260256,15.52594133333333,15.952017244444441,1.5094898399999996,2.45192224,1.7972581333333328,1.9195567377777776
42,434,9.065637599999999,7.6361007999999995,7.695387733333331,8.132375377777775,25.444675199999995,18.583584,18.016463999999996,20.6815744,15.829420799999998,16.3583792,15.449146666666662,15.87898222222222,1.3135600799999998,2.2193024,1.5194917333333329,1.6841180711111108
43,436,9.128347199999999,7.7046448,7.783044266666665,8.205345422222221,25.342348799999993,18.540063999999997,17.967503999999998,20.61663893333333,15.715955999999997,16.2509392,15.33880533333333,15.768566844444441,1.1398255199999998,1.99931152,1.2973765333333331,1.4788378577777774
44,438,9.259886399999997,7.8302,7.909832533333331,8.333306311111109,25.239369599999996,18.473832,17.911743999999995,20.54164853333333,15.588374399999998,16.1186384,15.214773333333328,15.640595377777773,1.0125458399999998,1.8740936,1.1309034666666664,1.3391809688888887
45,440,9.362906399999998,7.955347199999999,8.05445493333333,8.45756951111111,25.051526399999997,18.3667184,17.82978133333333,20.416008711111107,15.398246399999996,15.941593600000001,15.039786666666663,15.459875555555554,0.8442376799999999,1.6822438400000002,0.9886565333333331,1.1717126844444443
46,442,9.577024799999997,8.177598399999999,8.272925333333331,8.67584951111111,24.875963999999993,18.244427199999997,17.721071999999996,20.280487733333327,15.217869599999997,15.7623456,14.85056533333333,15.276926844444441,0.7681130399999998,1.6178641599999999,0.8932733866666664,1.0930835288888887
47,444,9.8022,8.3865216,8.522213333333331,8.903644977777779,24.622799999999994,18.0773104,17.569024,20.089711466666664,14.983759199999996,15.503048,14.611023999999995,15.032610399999996,0.6842445599999999,1.5116399999999999,0.8151731199999999,1.0036858933333332
48,446,10.097795999999999,8.690699200000001,8.841595733333332,9.21003031111111,24.377020799999993,17.903937600000003,17.386058666666663,19.889005688888886,14.7119088,15.243913599999999,14.34682133333333,14.767547911111109,0.6274672799999998,1.47738704,0.7700038933333332,0.958286071111111
49,448,10.473563999999996,9.049385599999999,9.234943999999997,9.585964533333332,24.06343199999999,17.664360000000002,17.147605333333328,19.625132444444443,14.387303999999999,14.8820176,13.997119999999995,14.422147199999998,0.59741808,1.42299792,0.7282310399999998,0.91621568
50,450,10.906003199999999,9.4938336,9.682111999999996,10.027316266666665,23.697578399999994,17.3618144,16.85574933333333,19.305047377777775,14.040299999999997,14.499476799999998,13.622122666666662,14.053966488888884,0.5854636799999999,1.40643584,0.7092073599999998,0.9003689599999999
51,452,11.377977599999998,9.938852800000001,10.153034666666665,10.48995502222222,23.355062399999994,17.055895999999997,16.532522666666665,18.981160355555552,13.659880799999998,14.0969168,13.211765333333329,13.656187644444444,0.5839663199999999,1.3999758399999997,0.6965085866666665,0.8934835822222221
52,454,11.849543999999998,10.4121328,10.656415999999997,10.972697599999998,22.924459199999994,16.6759664,16.155983999999997,18.585469866666664,13.220831999999998,13.6337824,12.753717333333332,13.202777244444443,0.5666875199999999,1.39252032,0.6812638933333331,0.8801572444444443
53,456,12.427924799999998,10.997041600000001,11.272314666666663,11.565760355555554,22.418294399999994,16.217456,15.69784533333333,18.111198577777774,12.697082399999998,13.086409600000001,12.196751999999996,12.660081333333332,0.5776300799999999,1.39413328,0.6800326399999999,0.8839319999999998
54,458,13.010263199999995,11.590654400000002,11.903898666666665,12.168272088888886,21.895564799999995,15.7545664,15.22619733333333,17.625442844444443,12.169742399999997,12.4993792,11.639877333333331,12.102999644444443,0.5764713599999999,1.3726507199999998,0.6755564266666665,0.8748928355555554
55,460,13.634951999999995,12.200832,12.543007999999997,12.792930666666663,21.400415999999993,15.2774512,14.766607999999998,17.148158399999996,11.645339999999997,11.9525504,11.091525333333331,11.563138577777776,0.5828483999999998,1.38155872,0.6767278399999997,0.8803783199999998
56,462,14.260089599999997,12.849823999999998,13.208138666666663,13.439350755555552,20.984011199999998,14.858816000000001,14.32152533333333,16.721450844444444,11.158840799999998,11.4214432,10.552783999999997,11.044355999999999,0.6146397599999999,1.39405984,0.6895580799999997,0.8994192266666666
57,464,14.923211999999996,13.507601599999997,13.909173333333328,14.113328977777774,20.473317599999994,14.376532800000001,13.869098666666662,16.239649688888885,10.631459999999997,10.8634624,9.998719999999997,10.497880799999997,0.62626776,1.4019587199999999,0.6903722666666665,0.9061995822222221
58,466,15.618035999999996,14.2022624,14.628431999999995,14.816243466666664,20.027210399999998,13.9553408,13.416490666666663,15.799680622222219,10.123744799999999,10.308800000000002,9.449642666666664,9.960729155555555,0.63577416,1.4074776,0.7038988266666666,0.9157168622222223
59,468,16.289807999999997,14.873014399999999,15.328831999999997,15.497218133333332,19.572820799999995,13.521446399999999,12.994437333333332,15.362901511111106,9.623822399999998,9.8069056,8.937765866666664,9.45616462222222,0.6504784799999999,1.4247632,0.7171261866666665,0.9307892888888887
60,470,16.947381599999996,15.514444800000001,16.000399999999996,16.154075466666665,19.160087999999995,13.131316799999999,12.591151999999996,14.960852266666663,9.204316799999999,9.3126816,8.457776533333332,8.991591644444442,0.6687772799999999,1.4337963200000001,0.7263279466666664,0.9429671822222221
61,472,17.6103408,16.155712,16.68629333333333,16.81744871111111,18.671059199999995,12.698782399999999,12.162389333333333,14.51074364444444,8.720347199999999,8.813235200000001,7.951521066666666,8.495034488888889,0.6694178399999998,1.4510764800000002,0.7390312533333331,0.9531751911111112
62,474,18.260080799999997,16.8288576,17.396485333333327,17.49514124444444,18.1184232,12.2141872,11.694639999999996,14.009083466666667,8.21712,8.269752,7.417920533333331,7.968264177777776,0.6649175999999999,1.4350257599999998,0.7435110933333332,0.947818151111111
63,476,18.944663999999996,17.4733616,18.08573333333333,18.167919644444442,17.593163999999998,11.7493936,11.22616533333333,13.522907644444444,7.710628799999999,7.7438672,6.900930133333333,7.45180871111111,0.6782347199999998,1.45831168,0.7610260799999998,0.9658574933333332
64,478,19.653971999999996,18.1867088,18.826842666666664,18.889174488888887,17.011682399999994,11.215892799999999,10.67726933333333,12.968281511111108,7.172191199999999,7.1466639999999995,6.317363199999998,6.878739466666666,0.6969578399999999,1.47007296,0.7831877333333331,0.9834061777777777
65,480,20.3483064,18.9282896,19.586175999999995,19.620924,16.367817599999995,10.6423264,10.09219733333333,12.36744711111111,6.613067999999999,6.562272,5.721547199999999,6.2989624,0.7261053599999998,1.49025808,0.8098972266666665,1.0087535555555556
66,482,21.082420799999998,19.657576000000002,20.356479999999998,20.365492266666667,15.697351199999996,10.0092192,9.451365333333332,11.719311911111111,6.004209599999999,5.902127999999999,5.088349333333332,5.664895644444443,0.7440777599999999,1.5142702399999999,0.8344370666666665,1.0309283555555553
67,484,21.746073599999995,20.3118992,21.050261333333328,21.03607804444444,15.045244799999997,9.430620799999998,8.86006453333333,11.11197671111111,5.464547999999999,5.3363952,4.5247562666666665,5.108566488888889,0.7622215199999999,1.5358752,0.8569314666666664,1.051676062222222
68,486,22.386919199999998,20.9547168,21.706506666666666,21.68271422222222,14.384692799999996,8.8381504,8.276715199999998,10.499852799999998,4.9467143999999985,4.7946528,3.9792149333333326,4.573527377777777,0.7687617599999998,1.5498995199999999,0.8774166933333332,1.0653593244444444
69,488,23.033272799999995,21.5622016,22.355135999999995,22.316870133333328,13.701496799999996,8.2459248,7.684834133333332,9.877418577777776,4.437408,4.2384943999999996,3.4348613333333327,4.036921244444444,0.7922788799999998,1.5710284799999998,0.9090330666666664,1.0907801422222219
70,490,23.647598399999996,22.2176944,23.00639466666666,22.957229155555552,13.063221599999999,7.6734192,7.1133349333333316,9.283325244444443,3.9526101599999994,3.7126368000000003,2.9155135999999993,3.526920186666666,0.82612656,1.61269616,0.9455082666666665,1.128110328888889
71,492,24.2551104,22.808641599999998,23.605791999999994,23.55651466666666,12.468520799999997,7.1678528,6.586389333333332,8.740920977777778,3.5261114399999993,3.2502911999999995,2.4490336,3.075145413333333,0.8658535199999998,1.65228576,0.9871423999999999,1.1684272266666664
72,494,24.759153599999994,23.2905712,24.08977066666666,24.046498488888886,11.959377599999998,6.7490544,6.169658133333332,8.29269671111111,3.164219519999999,2.8663632,2.079612266666666,2.703398328888888,0.8770571999999998,1.6913068800000002,1.0234090666666664,1.1972577155555555
73,496,25.169805599999997,23.7165232,24.501487999999995,24.4626056,11.468798399999997,6.3663232,5.803301333333332,7.87947431111111,2.8393903199999997,2.5292708799999994,1.7592778666666662,2.3759796888888887,0.9094483199999998,1.70172992,1.0545167999999998,1.2218983466666664
74,498,25.544716799999996,24.1108144,24.858714666666664,24.838081955555555,11.073405599999997,6.056923199999999,5.485188266666666,7.538505688888887,2.5817791199999998,2.2534248,1.4883023999999996,2.1078354399999997,0.9241852799999998,1.73287664,1.1022527999999998,1.2531049066666666
75,500,25.890455999999993,24.4187728,25.14585599999999,25.151694933333328,10.661447999999998,5.765638399999999,5.198074133333332,7.208386844444443,2.3460612,2.0135099199999997,1.2506287999999997,1.87006664,0.9555727199999998,1.7904916800000001,1.160206933333333,1.3020904444444443
76,502,26.115957599999994,24.652991999999998,25.33825066666666,25.36906675555555,10.261444799999998,5.5032944,4.959004266666665,6.9079144888888875,2.1505639199999997,1.81091888,1.0626314666666665,1.6747047555555554,1.0044959999999998,1.8270103999999998,1.2095839999999998,1.347030133333333
77,504,26.271487199999996,24.8138528,25.451674666666662,25.512338222222223,9.9432864,5.2948064,4.754804799999999,6.664299199999999,2.01113808,1.66199344,0.9204570666666665,1.5311961955555555,1.0354060799999998,1.87415616,1.2723978666666664,1.3939867022222219
78,506,26.358513599999995,24.930894399999996,25.495647999999992,25.59501866666666,9.590611199999998,5.079926400000001,4.559508799999999,6.410015466666667,1.9035851999999998,1.54730736,0.8055851199999998,1.4188258933333333,1.0892212799999998,1.94202016,1.3375327999999997,1.4562580799999998
79,508,26.367530399999993,24.9371232,25.46781333333333,25.590822311111108,9.276288,4.8831344,4.369108799999999,6.176177066666667,1.8212507999999996,1.4474289599999999,0.7153083199999998,1.3279960266666664,1.14004176,1.99213888,1.4051882666666664,1.512456302222222
80,510,26.314694399999997,24.907366399999997,25.38557866666666,25.535879822222217,8.937525599999999,4.677366399999999,4.177403199999999,5.930765066666666,1.7300913599999996,1.37246848,0.6444695466666664,1.2490097955555555,1.1975126399999998,2.06209728,1.4841679999999995,1.5812593066666665
81,512,26.204942399999997,24.809772799999998,25.24694933333333,25.420554844444442,8.566123199999998,4.447336,3.9608549333333327,5.65810471111111,1.6491278399999996,1.2890433600000002,0.5862588266666665,1.1748100088888889,1.2465664799999998,2.115344,1.5667562666666666,1.6428889155555553
82,514,26.093639999999994,24.696838399999997,25.08501866666666,25.291832355555552,8.232093599999999,4.2215216,3.7467909333333322,5.400135377777777,1.6118855999999997,1.2480284799999999,0.5494934933333333,1.1364691911111109,1.3099329599999996,2.1998952,1.662672533333333,1.7241668977777775
83,516,25.90159439999999,24.533856,24.880746666666663,25.10539902222222,7.855713599999998,3.9705744,3.497974399999999,5.108087466666666,1.5578459999999998,1.20648592,0.5157564266666665,1.0933627822222223,1.3857679199999995,2.28623344,1.7640287999999995,1.812010053333333
84,518,25.728194399999992,24.3457952,24.66269333333333,24.912227644444442,7.484188799999999,3.7195184,3.2470906666666655,4.816932622222222,1.52425536,1.17968848,0.49488042666666654,1.0662747555555556,1.4645853599999998,2.3825976,1.876002133333333,1.9077283644444443
85,520,25.527907199999994,24.133254400000002,24.42034133333333,24.693834311111107,7.122007199999998,3.4509183999999995,2.9771125333333326,4.516679377777777,1.5003424799999998,1.1568105599999998,0.47730287999999993,1.04481864,1.5661487999999997,2.4867980800000002,1.9957727999999995,2.016239893333333
86,522,25.272335999999992,23.8929152,24.146981333333326,24.43741084444444,6.709641599999999,3.1583007999999997,2.6923738666666663,4.186772088888888,1.4685796799999997,1.1300375999999999,0.4667402133333332,1.021785831111111,1.6546643999999997,2.6097012800000003,2.1275930666666665,2.130652915555556
87,524,25.016519999999996,23.6407984,23.856666666666662,24.171328355555556,6.341339999999999,2.8904351999999998,2.4199839999999995,3.8839197333333324,1.4561683199999997,1.1136632,0.4587279999999999,1.0095198399999998,1.7555954399999996,2.7309887999999996,2.266186133333333,2.2509234577777772
88,526,24.704277599999994,23.332704,23.51340266666666,23.850128088888884,5.9540663999999985,2.62360864,2.144901333333333,3.574192124444444,1.4415741599999996,1.1066129599999999,0.45755839999999987,1.0019151733333331,1.8571711199999998,2.870824,2.419031999999999,2.382342373333333
89,528,24.349684799999995,22.9705632,23.140762666666657,23.48700355555555,5.608367999999999,2.3664462399999997,1.8986325333333327,3.291148924444444,1.4292892799999997,1.0929123200000002,0.4539462399999999,0.9920492799999999,1.9857482399999995,3.0063888,2.5783967999999997,2.5235112799999997
90,530,23.906800799999992,22.528454399999998,22.683439999999994,23.039565066666658,5.270258399999999,2.1258024,1.6623823999999998,3.0194810666666663,1.4281387199999998,1.10535088,0.4581223466666666,0.9972039822222222,2.1473366399999994,3.1756272,2.755459733333333,2.6928078577777774
91,532,23.362447199999995,22.0050992,22.165823999999994,22.511123466666664,4.961851199999999,1.90582784,1.452634133333333,2.773437724444444,1.4099378399999998,1.084532,0.45434154666666654,0.9829371288888887,2.264142959999999,3.3266416,2.937037866666666,2.842607475555555
92,534,22.769623199999995,21.4170896,21.55754133333333,21.914751377777776,4.702608,1.71425552,1.2774389333333331,2.5647674844444444,1.4078651999999998,1.0884188799999999,0.4629294933333333,0.9864045244444443,2.4250214399999996,3.5182384,3.1467770666666657,3.0300123022222216
93,536,22.078715999999996,20.7471536,20.880442666666664,21.23543742222222,4.4764944,1.56457936,1.1275487999999998,2.389540853333333,1.3904109599999996,1.0849780800000002,0.46545274666666653,0.9802805955555555,2.591163119999999,3.7063808,3.3568970666666655,3.218146995555555
94,538,21.296294399999994,19.975544000000003,20.093274666666666,20.455037688888886,4.280531999999999,1.4350339200000002,1.0069439999999998,2.24083664,1.4061597599999998,1.09014608,0.47504527999999996,0.9904503733333332,2.7734575199999996,3.929856,3.596365866666666,3.433226462222222
95,540,20.422480799999995,19.1117264,19.228405333333328,19.58753751111111,4.117372799999999,1.32190096,0.9053828266666665,2.1148855288888884,1.3979834399999997,1.0903963199999998,0.4829867733333332,0.990455511111111,2.9579265599999993,4.1430768,3.8493077333333328,3.650103697777778
96,542,19.419208799999996,18.1219184,18.228986666666664,18.59003795555555,3.9488116799999995,1.22850432,0.8215769066666665,1.9996309688888887,1.3875019199999996,1.0906873600000002,0.4935612266666666,0.990583502222222,3.1731465599999993,4.3931264,4.1233568,3.896543253333333
97,544,18.320015999999995,17.0479264,17.13989866666666,17.502613688888886,3.8293778399999994,1.15891584,0.7532332799999998,1.9138423199999997,1.4058578399999997,1.10780976,0.5085502399999999,1.0074059466666665,3.412540559999999,4.6496224,4.426618666666665,4.162927208888888
98,546,17.196220799999995,15.9353648,16.02234133333333,16.384642311111108,3.7134568799999994,1.09056224,0.7003555733333333,1.8347915644444441,1.4146624799999998,1.11676128,0.5191654933333332,1.0168630844444444,3.639437519999999,4.931740799999999,4.738194666666665,4.436457662222221
99,548,15.953819999999997,14.712670399999999,14.792629333333329,15.153039911111108,3.6002205599999995,1.04417264,0.6541953599999999,1.7661961866666667,1.4192239199999996,1.1289496,0.5345606933333332,1.027578071111111,3.8870119199999995,5.253952,5.0905706666666655,4.743844862222222
100,550,14.711011199999998,13.497483200000001,13.557386666666664,13.921960355555555,3.527669999999999,0.99573488,0.6162033066666666,1.7132027288888887,1.4211088799999998,1.13324992,0.5480419199999998,1.0341335733333332,4.162456799999999,5.5888656,5.464797333333332,5.072039911111111
101,552,13.392477599999996,12.2150032,12.237733333333331,12.615071377777776,3.471892319999999,0.9629888,0.5875879999999999,1.6741563733333331,1.4564987999999996,1.15262176,0.5699678399999999,1.0596961333333332,4.509501599999999,5.9795663999999995,5.901348266666666,5.463472088888889
102,554,12.067293599999998,10.900155199999999,10.92261333333333,11.296687377777777,3.395873759999999,0.9224172799999999,0.5586689599999999,1.625653333333333,1.4500442399999998,1.1670948799999998,0.5919826133333331,1.0697072444444442,4.873886399999998,6.4206144,6.379687466666665,5.891396088888887
103,556,10.823015999999997,9.6786032,9.689455999999998,10.06369173333333,3.3455795999999993,0.8908136,0.5365725866666665,1.5909885955555554,1.4750791199999997,1.1889528,0.6157372799999998,1.0932563999999998,5.248879199999999,6.8876384,6.886196799999998,6.3409048
104,558,9.577106399999996,8.466081599999999,8.462028799999999,8.835072266666664,3.3006751199999993,0.8725161599999999,0.5226643199999998,1.5652851999999997,1.4959401599999997,1.2103782399999998,0.6475213866666666,1.1179465955555554,5.709225599999999,7.4219824,7.470697599999998,6.867301866666665
105,560,8.387868,7.303499199999999,7.279554133333332,7.656973777777776,3.2681371199999996,0.8547328,0.5073579733333332,1.5434092977777774,1.5128517599999998,1.24825152,0.6792692266666666,1.1467908355555554,6.214370399999999,8.0175536,8.126725333333331,7.4528831111111105
106,562,7.311523199999999,6.2409856,6.203775999999999,6.585428266666665,3.2339385599999995,0.82893088,0.4898076266666665,1.517559022222222,1.5361444799999997,1.27477696,0.7081801066666664,1.1730338488888885,6.754847999999999,8.6397536,8.822873066666665,8.072491555555555
107,564,6.39948,5.3611743999999995,5.2886229333333326,5.683092444444444,3.2446159199999993,0.82120064,0.4856895466666666,1.5171687022222218,1.5777523199999997,1.326272,0.7521271466666666,1.2187171555555554,7.339144799999998,9.293859199999998,9.548378666666666,8.727127555555555
108,566,5.553206399999998,4.518137599999999,4.442684799999999,4.838009599999999,3.2281531199999995,0.8035614400000001,0.4739046933333332,1.5018730844444441,1.6223507999999998,1.35572144,0.7926741866666666,1.2569154755555554,7.949716799999999,10.008376,10.336634666666665,9.431575822222221
109,568,4.837859999999999,3.8259792,3.7167258666666663,4.126855022222221,3.238512239999999,0.8094067199999999,0.47207775999999985,1.5066655733333327,1.6773859199999996,1.4146393599999998,0.8406821866666664,1.3109024888888887,8.607739199999997,10.762223999999998,11.165871999999997,10.17861173333333
110,570,4.222106399999999,3.2100352,3.0908629333333324,3.507668177777777,3.2424249599999992,0.7984804799999999,0.46634853333333326,1.5024179911111109,1.7218211999999997,1.4570713599999998,0.8832420266666664,1.3540448622222219,9.262048799999997,11.522735999999998,12.019861333333331,10.934882044444443
111,572,3.7020695999999993,2.69826176,2.5560927999999996,2.9854747199999996,3.253530719999999,0.80344176,0.4624725333333332,1.5064816711111106,1.7673335999999997,1.5156112000000002,0.9321439999999998,1.4050296,9.926599199999998,12.3113456,12.89950933333333,11.71248471111111
112,574,3.2813889599999992,2.28604848,2.1310656,2.5661676799999995,3.266562239999999,0.80728512,0.4607290133333332,1.5115254577777772,1.8255062399999995,1.56231088,0.9718559999999997,1.453224373333333,10.551573599999998,13.0493088,13.72394133333333,12.441607911111108
113,576,2.9275591199999993,1.93327808,1.7604655999999999,2.207100933333333,3.2719804799999994,0.81161264,0.4598685866666665,1.5144872355555554,1.8736053599999996,1.6155684799999999,1.0161375999999998,1.5017704799999996,11.210371199999997,13.814988799999998,14.578837333333329,13.201399111111108
114,578,2.607311759999999,1.62980768,1.4487354666666663,1.8952849688888884,3.2900875199999997,0.8167262399999999,0.4560270399999999,1.520946933333333,1.9109251199999997,1.6575326400000001,1.0561125333333332,1.541523431111111,11.843179199999996,14.569272,15.412335999999998,13.941595733333331
115,580,2.3466895199999995,1.3768368,1.1890207999999998,1.6375157066666663,3.2871539999999992,0.80449984,0.4480728533333333,1.513242231111111,1.9355315999999998,1.69051536,1.0955978666666666,1.573881608888889,12.433024799999997,15.296817599999999,16.21410133333333,14.647981244444443
116,582,2.1462064799999996,1.17245056,0.9792181333333331,1.4326250577777777,3.3074887199999994,0.80062384,0.4427516266666666,1.5169547288888887,1.9692935999999994,1.73495744,1.1330794666666664,1.6124435022222219,13.027235999999997,16.0032016,16.982591999999997,15.337676533333331
117,584,1.9888612799999996,1.03634176,0.8141222933333331,1.2797751111111109,3.348170399999999,0.8077883199999999,0.44743365333333324,1.5344641244444441,2.0317094399999998,1.78378416,1.1722383999999997,1.6625773333333331,13.607289599999996,16.7011808,17.73294933333333,16.013806577777775
118,586,1.8637847999999997,0.9111592000000001,0.6747476799999998,1.1498972266666665,3.3673912799999988,0.8143027199999999,0.44799397333333324,1.543229324444444,2.0795719199999994,1.82779648,1.2113791999999999,1.7062491999999996,14.185017599999995,17.3625488,18.481674666666663,16.676413688888886
119,588,1.7434247999999999,0.8012902399999999,0.5567295999999999,1.0338148799999998,3.383813279999999,0.81874992,0.44259658666666657,1.5483865955555551,2.0985235199999996,1.85096272,1.2441733333333331,1.7312198577777778,14.737571999999997,18.027344,19.223055999999996,17.329324
120,590,1.6685527199999994,0.72602512,0.4693695466666666,0.9546491288888886,3.4229690399999995,0.82036832,0.4458995733333332,1.5630789777777778,2.1446397599999996,1.90075504,1.2866869333333328,1.7773605777777775,15.347368799999996,18.7302464,19.99054933333333,18.02272151111111
121,592,1.6029503999999994,0.6548399999999999,0.3996958399999999,0.8858287466666663,3.4544666399999993,0.8235697599999999,0.4419220266666666,1.5733194755555555,2.1950155199999997,1.95443968,1.326018133333333,1.8251577777777774,15.990335999999996,19.468808,20.80945066666666,18.75619822222222
122,594,1.5406814399999995,0.6057984000000001,0.3413763199999999,0.8292853866666664,3.4708804799999995,0.83386224,0.4464508266666666,1.5837311822222218,2.2379656799999994,2.0041504,1.3730922666666663,1.871736115555555,16.720615199999997,20.2930496,21.718021333333326,19.577228711111108
123,596,1.4943979199999997,0.5613372799999999,0.29238095999999997,0.7827053866666666,3.5128187999999994,0.83990608,0.44164277333333324,1.5981225511111108,2.3087087999999993,2.05695104,1.4274831999999997,1.9310476799999996,17.523028799999995,21.245892799999996,22.757423999999993,20.508781866666663
124,598,1.4690611199999997,0.52867824,0.2552547733333333,0.7509980444444443,3.543920639999999,0.8490752,0.4421486933333332,1.6117148444444442,2.3708063999999993,2.1311308799999997,1.492971733333333,1.998303004444444,18.467793599999993,22.325896,23.938901333333327,21.577530311111104
125,600,1.4206519199999998,0.5000312,0.2247418133333333,0.7151416444444444,3.5746716,0.8564708799999999,0.4390895999999999,1.6234106933333334,2.4431774399999995,2.2100408,1.5603551999999998,2.0711911466666666,19.499217599999998,23.5391792,25.28375999999999,22.77405226666666
126,602,1.4153438399999998,0.48794624,0.20832751999999996,0.7038725333333332,3.611779199999999,0.8729975999999999,0.44456405333333326,1.6431136177777772,2.5488494399999997,2.2942438399999996,1.6488186666666664,2.163970648888889,20.72844,24.9873072,26.82926399999999,24.181670399999998
127,604,1.3985219999999996,0.4604008,0.18492463999999995,0.6812824799999998,3.6529545599999995,0.88210144,0.4419211199999999,1.658992373333333,2.6248149599999993,2.40235024,1.7443631999999998,2.2571761333333327,22.083285599999996,26.602144,28.605423999999992,25.763617866666664
128,606,1.3749151199999996,0.44240528,0.17079786666666663,0.6627060888888887,3.7027999199999995,0.88553952,0.44360298666666653,1.6773141422222222,2.7420823199999997,2.52211456,1.8529183999999996,2.37237176,23.645599199999992,28.428624,30.543423999999995,27.539215733333332
129,608,1.3787788799999998,0.44010143999999995,0.16108837333333328,0.6599895644444443,3.7979128799999993,0.9147659199999999,0.4475696533333333,1.7200828177777776,2.8885869599999996,2.6742632,1.9752730666666662,2.512707742222222,25.40212079999999,30.48576,32.84472533333333,29.577535377777775
130,610,1.3837768799999999,0.44465472,0.15639002666666665,0.6616072088888888,3.871609919999999,0.9429152,0.45269503999999994,1.755740053333333,3.040146719999999,2.8156079999999997,2.113775466666666,2.6565100622222215,27.354767999999993,32.763488,35.37060799999999,31.829621333333325
131,612,1.3747886399999998,0.44351232,0.15066714666666664,0.6563227022222221,3.9679631999999994,0.9629344,0.45268959999999986,1.7945290666666667,3.1884302399999997,2.9845472,2.2603744,2.81111728,29.464087199999994,35.19952,38.08707199999999,34.250226399999995
132,614,1.3711655999999997,0.4293112,0.1494168533333333,0.6499645511111111,4.095463199999999,0.98781696,0.4553878399999999,1.8462226666666666,3.3692191199999995,3.1551456,2.411624533333333,2.978663084444444,31.692052799999995,37.756592,40.92557333333332,36.791406044444436
133,616,1.3780852799999999,0.44266368,0.14760352,0.6561174933333334,4.2263496,1.01896096,0.4606075199999999,1.9019726933333334,3.557955839999999,3.3452736,2.5775173333333328,3.160248924444444,34.05539279999999,40.495088,43.96743999999999,39.5059736
134,618,1.3689215999999997,0.43355168000000005,0.1481874133333333,0.650220231111111,4.364661599999999,1.05221024,0.46490239999999994,1.9605914133333329,3.7410458399999995,3.5164976,2.7362202666666664,3.331254568888889,36.327708,43.15443199999999,46.91165866666665,42.131266222222216
135,620,1.3766980799999997,0.44146416,0.15293290666666665,0.6570317155555555,4.532227199999999,1.0889384,0.47391466666666654,2.031693422222222,3.909394799999999,3.680704,2.892602133333333,3.494233644444444,38.54106719999999,45.718304,49.770741333333326,44.67670417777777
136,622,1.3932179999999996,0.44513344,0.1522918933333333,0.6635477777777776,4.698446399999999,1.1351702399999999,0.47836639999999986,2.103994346666666,4.071636,3.8527712,3.0345407999999994,3.6529826666666665,40.55699519999999,48.071648,52.39889599999999,47.009179733333326
137,624,1.3744091999999997,0.43314912,0.15449055999999997,0.6540162933333332,4.847080799999999,1.1452913599999999,0.4759963733333332,2.156122844444444,4.191383999999999,3.97596,3.151618666666666,3.7729875555555554,42.28960799999999,50.092064,54.67326933333332,49.01831377777777
138,626,1.3774814399999997,0.43261872,0.15411066666666665,0.6547369422222221,5.053447199999999,1.18077648,0.4763681066666665,2.2368639288888885,4.326350399999999,4.108424,3.253265066666666,3.8960131555555546,43.697616,51.739295999999996,56.552245333333325,50.66305244444444
139,628,1.3831771199999996,0.44796768,0.16101402666666664,0.6640529422222221,5.216239199999999,1.21345456,0.48448821333333325,2.304727324444444,4.434755999999999,4.1908672,3.324773866666666,3.9834656888888884,44.65070399999999,52.807168000000004,57.765455999999986,51.74110933333333
140,630,1.4102275199999996,0.44412431999999996,0.16113914666666665,0.6718303288888888,5.379275999999999,1.2443537599999999,0.4889054933333332,2.370845084444444,4.480207199999999,4.235393599999999,3.355038399999999,4.023546399999998,45.02565599999999,53.248896,58.253333333333316,52.175961777777765
141,632,1.4147155199999997,0.44613712,0.16628991999999998,0.6757141866666666,5.533785599999998,1.2560551999999998,0.48766789333333327,2.4258362311111106,4.4966903999999985,4.236019199999999,3.3370138666666658,4.023241155555555,44.767799999999994,52.95214399999999,57.92122133333332,51.880388444444435
142,634,1.4092442399999998,0.4459984,0.16349466666666662,0.6729124355555555,5.652023999999999,1.2798688,0.4923281599999999,2.4747403199999995,4.459032,4.1855632,3.2836565333333327,3.976083911111111,43.88978399999999,51.91664,56.746543999999986,50.850989333333324
143,636,1.4211619199999996,0.4489088,0.16661450666666663,0.6788950755555554,5.7720167999999985,1.3056816000000002,0.4931786133333332,2.5236256711111107,4.382654399999999,4.1085328,3.189091199999999,3.893426133333333,42.417719999999996,50.19352,54.766111999999985,49.12578399999999
144,638,1.4091218399999998,0.4490176,0.16212922666666663,0.6734228888888888,5.814448799999998,1.2976630400000002,0.48565599999999987,2.5325892799999994,4.257928799999999,3.9568928,3.046137066666666,3.753652888888888,40.29448799999999,47.724032,51.96886399999999,46.66246133333333
145,640,1.4193463199999996,0.4451688,0.1612923733333333,0.6752691644444443,5.876709599999999,1.3117553599999998,0.48853194666666655,2.5589989688888886,4.108315199999999,3.7994048000000005,2.8789295999999993,3.595549866666666,37.79928239999999,44.7984,48.67213333333332,43.75660524444444
146,642,1.4135323199999996,0.44476079999999996,0.15998586666666662,0.672759662222222,5.871772799999999,1.2983756800000001,0.48595610666666655,2.552034862222222,3.9130219199999994,3.5793296,2.6765343999999995,3.3896286399999997,34.864130399999986,41.366576,44.79504533333332,40.34191724444444
147,644,1.3882077599999998,0.43071743999999995,0.14959727999999994,0.65617416,5.829585599999999,1.2749156799999999,0.4781125333333332,2.5275379377777774,3.6836198399999995,3.3462799999999997,2.4602037333333326,3.1633678577777773,31.713064799999994,37.731567999999996,40.734629333333324,36.7264207111111
148,646,1.3826752799999997,0.41986464,0.14330863999999996,0.6486161866666665,5.751249599999999,1.24422592,0.4724485866666665,2.489308035555555,3.455352,3.1044175999999997,2.2379343999999994,2.932568,28.528665599999997,33.98504,36.56414399999999,33.02594986666666
149,648,1.3910392799999998,0.43335312,0.13881610666666666,0.6544028355555555,5.664100799999999,1.22269712,0.47043125333333324,2.4524097244444443,3.2259091199999994,2.8670159999999996,2.008874133333333,2.70059975111111,25.226558399999995,30.132432,32.27298133333333,29.210657244444445
150,650,1.3565306399999997,0.42559568000000003,0.12767045333333332,0.6365989244444443,5.513426399999999,1.1815707199999999,0.45847231999999993,2.384489813333333,2.9991916799999996,2.62242272,1.7911653333333328,2.4709265777777776,22.172474399999995,26.5420592,28.32508266666666,25.679872088888885
151,652,1.3368935999999996,0.40682223999999995,0.11756927999999997,0.6204283733333331,5.342759999999999,1.12764672,0.4489387199999999,2.30644848,2.7390141599999995,2.3859976,1.5854154666666664,2.236809075555555,19.195951199999996,23.1037616,24.50230399999999,22.26733893333333
152,654,1.3397210399999997,0.41054863999999996,0.10984538666666664,0.6200383555555554,5.155406399999999,1.0944409599999998,0.4454253866666666,2.231757582222222,2.5538841599999995,2.19341616,1.4076362666666664,2.0516455288888884,16.583282399999998,20.028801599999998,21.18644266666666,19.266175555555552
153,656,1.34168352,0.41791984000000004,0.10458671999999998,0.6213966933333332,4.9486728,1.05515056,0.44424762666666656,2.149356995555556,2.3800108799999995,2.0019444799999997,1.2368111999999996,1.8729221866666663,14.123368799999996,17.1689392,18.049013333333328,16.44710711111111
154,658,1.2969381599999996,0.40180928,0.08698487466666664,0.5952441048888887,4.6365528,0.9946632,0.4278967999999999,2.0197042666666665,2.1396376799999994,1.78369984,1.0673642666666665,1.663567262222222,11.875737599999997,14.5690272,15.240975999999996,13.89524693333333
155,660,1.28527752,0.39087760000000005,0.07706757333333332,0.5844075644444444,4.370944799999999,0.93944448,0.41737402666666656,1.9092544355555552,1.9569842399999997,1.61178768,0.9317269333333331,1.5001662844444443,9.996897599999997,12.385247999999999,12.854266666666664,11.745470755555553
156,662,1.2552976799999997,0.39251776,0.06990581333333332,0.572573751111111,4.111701599999999,0.8940585600000001,0.41256778666666655,1.8061093155555552,1.8117362399999994,1.47826288,0.8169918933333332,1.3689970044444442,8.368691999999998,10.488483200000001,10.775098666666665,9.877424622222222
157,664,1.2624907199999997,0.3789232,0.06107814399999999,0.5674973546666665,3.8390800799999987,0.85206448,0.4059726933333332,1.699039084444444,1.6729591199999996,1.34904928,0.7164634133333332,1.2461572711111109,6.940161599999999,8.832900799999999,8.974386133333331,8.249149511111108
158,666,1.2346651199999998,0.37958144,0.05010965333333332,0.5547854044444444,3.5605915199999996,0.8085472,0.3974019733333332,1.5888468977777777,1.5444268799999998,1.232636,0.6285203733333332,1.1351944177777777,5.758063199999999,7.47184,7.476627199999999,6.9021767999999994
159,668,1.2377659199999997,0.3755912,0.044286949333333325,0.5525480231111111,3.295983119999999,0.77564608,0.39234095999999996,1.487990053333333,1.4428022399999998,1.1295371200000002,0.5586245333333332,1.043654631111111,4.772457599999999,6.306918400000001,6.222389866666665,5.7672552888888875
160,670,1.2414215999999998,0.37555311999999996,0.04132514133333333,0.5527666204444444,3.0792943199999994,0.74074032,0.3869290666666666,1.4023212355555552,1.3743887999999997,1.07156304,0.5047277333333332,0.9835598577777777,3.984173039999999,5.3961264,5.214076799999999,4.864792079999999
161,672,1.2136979999999997,0.36839679999999997,0.03566890133333333,0.539254567111111,2.846469119999999,0.70120512,0.38386181333333325,1.3105120177777774,1.2902469599999997,0.9881243200000001,0.45269503999999994,0.91035544,3.309096239999999,4.5909248,4.350032533333332,4.0833511911111104
162,674,1.2086061599999998,0.36846752,0.029788986666666663,0.5356208888888888,2.6237704799999997,0.67018896,0.3776447999999999,1.22386808,1.2110092799999999,0.91864736,0.40694645333333324,0.8455343644444443,2.746145999999999,3.9331472,3.6314901333333323,3.436927777777777
163,676,1.1903440799999996,0.3675128,0.02700207466666666,0.528286318222222,2.4661804799999993,0.6467343999999999,0.3692662933333332,1.1607270577777775,1.1771656799999999,0.86815328,0.3729355733333332,0.8060848444444444,2.2778925599999993,3.3832991999999997,3.0449039999999994,2.9020319199999993
164,678,1.2031307999999996,0.37853696,0.02680677866666666,0.5361581795555553,2.3254653599999995,0.64188464,0.3738123199999999,1.1137207733333332,1.1525999999999996,0.85113152,0.35236330666666665,0.7853649422222221,1.9393055999999997,2.9762511999999997,2.583873066666666,2.499809955555555
165,680,1.1562393599999998,0.35585488,0.016830453333333332,0.5096415644444444,2.1491440799999997,0.61171168,0.3623665599999999,1.0410741066666664,1.07205264,0.7980208,0.3250971199999999,0.73172352,1.6003840799999995,2.58867296,2.181965866666666,2.1236743022222218
166,682,1.1566228799999996,0.35199247999999994,0.015217311999999997,0.5079442239999998,2.0388820799999996,0.59396912,0.3586075199999999,0.9971529066666666,1.0452796799999997,0.7590513600000001,0.2998074666666666,0.7013795022222221,1.3327401599999997,2.27182016,1.8505973333333328,1.818385884444444
167,684,1.1817271199999997,0.37410879999999996,0.014518543999999994,0.5234514879999999,1.9752055199999998,0.5917523199999999,0.3585984533333333,0.975185431111111,1.0440271199999998,0.76242144,0.29320149333333323,0.699883351111111,1.1525510399999999,2.0557188799999997,1.589640533333333,1.5993034844444443
168,686,1.1684181599999997,0.357748,0.011394895999999996,0.5125203519999999,1.8823365599999995,0.58234384,0.3556082666666666,0.940096222222222,1.0249123199999999,0.73743824,0.27630485333333327,0.6795518044444444,0.9791183999999998,1.8515148799999999,1.3681690666666664,1.3996007822222218
169,688,1.15841808,0.353736,0.008001967999999998,0.5067186826666666,1.7880069599999997,0.5550758400000001,0.35482943999999994,0.89930408,0.9864175199999998,0.71204432,0.26459253333333327,0.6543514577777777,0.8035559999999998,1.66983792,1.1820303999999997,1.2184747733333332
170,690,1.1543584799999997,0.35418208,0.009302853333333331,0.5059478044444443,1.7324577599999997,0.56035808,0.3524684799999999,0.8817614399999999,0.9739816799999997,0.70501584,0.25297994666666657,0.6439924888888888,0.6944078399999999,1.52510944,1.030653333333333,1.0833902044444443
171,692,1.1800094399999996,0.38624544,0.014949663999999996,0.5270681813333332,1.7008948799999997,0.552772,0.3610265066666666,0.8715644622222222,0.9920642399999997,0.7074611199999999,0.2548984533333333,0.6514746044444443,0.6495359999999999,1.4363177599999999,0.9157423999999998,1.0005320533333333
172,694,1.1814088799999998,0.37459296000000003,0.011555375999999997,0.5225190719999999,1.6570022399999995,0.55712128,0.35935461333333324,0.8578260444444442,0.9926843999999998,0.7149819199999999,0.2534568533333333,0.6537077244444444,0.5763530399999999,1.3483992,0.8125546666666664,0.9124356355555555
173,696,1.1722329599999997,0.36013888000000005,0.0042685957333333325,0.5122134785777777,1.6144315199999997,0.5251232,0.3491555199999999,0.8295700799999999,0.9601463999999998,0.6903632,0.23890485333333328,0.6298048177777777,0.46915511999999987,1.2490076799999998,0.7245862399999998,0.81424968
174,698,1.1103760799999998,0.3365673599999999,-0.014340655999999995,0.47753426133333327,1.5127497599999997,0.50418464,0.32895679999999994,0.7819637333333332,0.9081019199999998,0.643484,0.21025599999999994,0.5872806399999999,0.3491182559999999,1.1355102400000001,0.6306211199999998,0.7050832053333332
175,700,1.0444024799999998,0.31617007999999996,-0.03365610133333333,0.44230548622222216,1.4115616799999997,0.48278368,0.3001465599999999,0.7314973066666665,0.8532055199999998,0.61387952,0.18428090666666663,0.5504553155555555,0.2254457039999999,1.02578272,0.5514237866666665,0.6008840702222221
176,702,1.0631663999999998,0.32892143999999995,-0.03793438933333332,0.45138448355555555,1.4054743199999997,0.49081856,0.28916591999999997,0.7284862666666666,0.8448741599999998,0.57989584,0.16787658666666663,0.5308821955555555,0.18031519199999996,0.96098416,0.4945431466666666,0.5452808328888888
177,704,0.9560133599999998,0.26246041600000003,-0.058926442666666655,0.3865157777777777,1.2623438399999998,0.46335472,0.26719829333333334,0.6642989511111109,0.7357259999999999,0.5298124799999999,0.13949066666666665,0.46834304888888884,-0.0049954703999999985,0.89136304,0.43677759999999993,0.4410483898666666
178,706,0.9465395999999997,0.27571824,-0.05489485866666666,0.3891209937777777,1.2415276799999997,0.46447535999999995,0.2623476266666666,0.6561168888888887,0.7417643999999999,0.49842095999999997,0.13405338666666666,0.45807958222222217,-0.03432928319999999,0.84514752,0.39552426666666657,0.4021141678222222
179,708,1.0030067999999999,0.31699151999999997,-0.042285573333333326,0.42590424888888884,1.2847307999999997,0.5096056,0.2858375466666666,0.6933913155555554,0.7681823999999998,0.5382118399999999,0.15684154666666664,0.4877452622222221,0.0008274239999999998,0.88071696,0.3875773333333332,0.42304057244444443
180,710,1.03217472,0.32363648,-0.03309550933333333,0.4409052302222222,1.3319363999999998,0.5458958399999999,0.3007095999999999,0.7261806133333332,0.8263387199999999,0.5528536000000001,0.1650051733333333,0.5147324977777777,0.06945302399999999,0.89890832,0.38779130666666656,0.4520508835555555
181,712,1.0644597599999996,0.34625328,-0.022092111999999997,0.4628736426666666,1.3443273599999996,0.53383808,0.32133354666666664,0.7331663288888888,0.8247352799999998,0.53284256,0.18115290666666664,0.5129102488888888,0.08239641599999999,0.95055296,0.3863252266666666,0.47309153422222217
182,714,1.0595923199999997,0.34535296,-0.01335266133333333,0.4638642062222222,1.3726017599999996,0.5364928,0.33301050666666665,0.7473683555555555,0.8371466399999999,0.54965216,0.1933276266666666,0.5267088088888888,0.10789437599999999,0.93389568,0.3843260266666666,0.4753720275555555
183,716,1.1222529599999997,0.35660015999999994,-0.0036656533333333323,0.49172915555555546,1.4118187199999999,0.5363948799999999,0.34625509333333326,0.7648228977777777,0.9067147199999999,0.5686296,0.20462378666666664,0.5599893688888888,0.14367679199999997,0.95094192,0.37305253333333327,0.4892237484444444
184,718,1.11128184,0.36231216,-0.001926022933333333,0.4905559923555555,1.4240505599999997,0.53086784,0.3535537599999999,0.7694907199999999,0.9293831999999997,0.59112128,0.21059690666666664,0.5770337955555555,0.14938103999999996,0.94765888,0.3642705599999999,0.4871034933333333
185,720,1.1466105599999996,0.37568367999999996,0.0060172021333333315,0.5094371473777776,1.4135363999999997,0.5140854399999999,0.35939813333333326,0.762339991111111,0.9703545599999999,0.6021753599999999,0.21065674666666664,0.5943955555555555,0.18141638399999996,0.9247456,0.34953541333333327,0.48523246577777773
186,722,1.1385892799999997,0.3587163199999999,-0.0023666719999999994,0.49831297599999985,1.4094808799999996,0.50568608,0.3523515199999999,0.7558394933333332,0.9570741599999998,0.62297248,0.20953429333333326,0.5965269777777777,0.14937328799999997,0.9094075199999999,0.33843509333333327,0.46573863377777774
187,724,1.1594829599999996,0.36999615999999996,0.001169182933333333,0.5102161009777776,1.4281264799999998,0.51387328,0.3524086399999999,0.7648027999999999,0.9912971999999999,0.6439464,0.21045455999999993,0.61523272,0.18004672799999996,0.9006409599999999,0.32804469333333325,0.4695774604444443
188,726,1.1572103999999996,0.38680032,0.003919157333333333,0.5159766257777777,1.4423330399999998,0.51216512,0.35502255999999993,0.7698402400000001,0.9987309599999997,0.67695088,0.21687829333333325,0.6308533777777777,0.18593865599999995,0.9052159999999999,0.3249865066666666,0.47204705422222215
189,728,1.1545379999999998,0.40100959999999997,0.009298773333333331,0.5216154577777777,1.4692039199999998,0.5170964800000001,0.3537922133333332,0.7800308711111109,1.0383151199999998,0.6912608,0.21811589333333328,0.6492306044444444,0.21530363999999994,0.91020176,0.3174176533333333,0.4809743511111111
190,730,1.13014368,0.39035536,0.0017205903999999998,0.5074065434666667,1.4179468799999997,0.50338496,0.3497212799999999,0.7570177066666665,0.9806973599999999,0.6849966399999999,0.21237850666666663,0.6260241688888888,0.18736624799999996,0.9010108800000001,0.3069030399999999,0.46509338933333333
191,732,1.1268470399999997,0.38519824,0.0035800911999999997,0.5052084570666665,1.4234834399999998,0.51919632,0.3444635199999999,0.7623810933333331,0.9945611999999998,0.68944928,0.2132951466666666,0.6324352088888888,0.21065407199999991,0.89352544,0.30852415999999994,0.47090122399999995
192,734,1.1682631199999998,0.41999791999999997,0.008459100266666665,0.5322400467555555,1.4624311199999998,0.538356,0.3513378666666666,0.784041662222222,1.0303509599999998,0.7319656,0.2212928533333333,0.6612031377777777,0.25041285599999996,0.92738944,0.3140774933333333,0.49729326311111105
193,736,1.1650113599999998,0.41095119999999996,0.005700857066666665,0.5272211390222221,1.4751239999999997,0.5424224,0.34942661333333325,0.7889910044444443,1.0232354399999997,0.7354472,0.2186517333333333,0.6591114577777776,0.25123538399999995,0.90263744,0.3050815466666666,0.48631812355555554
194,738,1.1650807199999997,0.42591119999999993,0.0054680522666666655,0.5321533240888887,1.4523453599999998,0.53911488,0.3475788266666666,0.7796796888888888,1.0214973599999997,0.73363024,0.21861999999999998,0.6579158666666666,0.23803984799999997,0.9010652800000001,0.30000965333333324,0.47970492711111107
195,740,1.1463453599999995,0.39537648000000003,-0.0013256010666666664,0.5134654129777777,1.4468455199999997,0.53291056,0.3374975999999999,0.7724178933333331,0.9990614399999999,0.71442432,0.21125786666666665,0.6415812088888888,0.22076145599999994,0.8731934399999999,0.29348346666666664,0.46247945422222214
196,742,1.1659538399999998,0.41740847999999997,0.0007688243199999998,0.5280437147733332,1.4436467999999998,0.54364368,0.34333381333333324,0.7768747644444444,1.0063075199999998,0.72834528,0.21515653333333326,0.6499364444444443,0.22263539999999998,0.89543488,0.2956603733333333,0.4712435511111111
197,744,1.13401968,0.40852224,-0.000787572373333333,0.5139181158755556,1.4339078399999996,0.5314064,0.3372636799999999,0.7675259733333332,1.0004363999999997,0.71060544,0.21014901333333327,0.640396951111111,0.22140935999999994,0.880872,0.2938660799999999,0.46538247999999993
198,746,1.1581079999999997,0.41894256,0.0008575325866666666,0.5259693641955555,1.4281183199999998,0.54256384,0.3391377599999999,0.7699399733333333,1.0118644799999998,0.71517776,0.21308207999999995,0.6467081066666666,0.21983203199999998,0.8929896,0.29077434666666657,0.46786532622222216
199,748,1.1323305599999995,0.39742192,-0.003028837866666666,0.5089078807111109,1.4174205599999998,0.5291896,0.33412026666666655,0.7602434755555555,0.9995551199999999,0.6995296,0.20811173333333327,0.635732151111111,0.19865479199999997,0.87547824,0.2832245333333333,0.4524525217777778
200,750,1.1432445599999996,0.40084911999999995,-0.0033112554666666657,0.5135941415111109,1.3975346399999997,0.5287272000000001,0.3365918399999999,0.7542845599999999,0.9979231199999998,0.69641792,0.20732111999999994,0.6338873866666667,0.18457797599999995,0.87615824,0.2833850133333332,0.4480404097777777
