LotArea,YearBuilt,BedroomAbvGr,BathroomAbvGr,GarageArea,Neighborhood,HouseStyle,HasPool,HasGarage,SalePrice
11490.142459033697,1993,1,3,357.09059830582595,Downtown,1Story,0,0,50000.0
9585.207096486445,1998,3,1,447.6589864643546,Suburb,1Story,0,1,83727.2631332003
11943.065614302077,2010,4,3,665.8259654672228,Rural,Split,1,1,130278.02543715097
14569.089569224076,2016,5,1,494.5336131787813,Downtown,2Story,0,0,102018.92609716785
9297.539875829993,1955,2,3,368.7608090223114,Suburb,Split,0,1,110731.40860892208
9297.589129152459,1958,3,1,353.4214228545548,Downtown,Split,0,0,50000.0
14737.638446522174,1955,1,1,486.0843582157548,Downtown,Split,0,1,51044.129384825945
12302.304187458727,1981,3,3,677.99751244342,Suburb,2Story,0,1,154175.79205148958
8591.576842195143,1990,3,2,818.2038611550234,Suburb,2Story,0,1,96758.89156595775
11627.680130757893,1957,3,3,458.84628039406647,Downtown,2Story,0,0,119703.05785568833
8609.746921562613,1999,3,2,491.0513638474804,Downtown,1Story,0,1,96958.5600606704
8602.810739289229,2011,2,1,257.2116587685234,Suburb,2Story,0,1,69084.85276347736
10725.886814698102,2011,4,3,887.8385138198933,Downtown,1Story,0,1,174428.82918732933
4260.159266026606,1956,5,3,219.79943236878321,Downtown,1Story,0,0,99930.61442507904
4825.246502460902,1953,3,3,734.3324623561101,Suburb,2Story,0,1,132685.3890508998
8313.137412277081,1955,3,2,426.9328093975059,Downtown,2Story,0,1,112621.71397850983
6961.506638996729,2007,3,2,380.1267012319362,Downtown,2Story,0,0,69759.66998314545
10942.74199778582,1971,4,1,277.9992856228147,Rural,1Story,0,1,78880.7883591427
7275.927773436367,1975,1,2,982.0097298814267,Suburb,Split,1,1,115101.18385882636
5763.088895994125,1952,1,2,544.2983246556789,Rural,2Story,0,1,66526.2402985191
14396.946306764663,1990,2,1,504.25608742081266,Rural,2Story,0,1,55777.81425228451
9322.671098540393,2009,1,3,677.3464719109085,Rural,2Story,0,1,80028.54033317018
10202.584614063771,1963,3,3,369.8334548740074,Downtown,1Story,0,1,50000.0
5725.75544135963,1961,3,1,500.36919104620114,Downtown,1Story,0,0,67490.26344083554
8366.851826424452,1961,3,3,511.2672573624242,Rural,Split,1,1,152634.91499241182
10332.767769129598,1962,2,2,397.57085353037337,Rural,2Story,0,1,50000.0
6547.0192677330915,1974,3,1,739.9276158371828,Rural,1Story,1,1,118198.96035366578
11127.094055037016,1994,1,1,456.26911770081915,Downtown,Split,1,1,134171.38298245578
8198.083930243585,1968,4,1,189.37358932623408,Rural,2Story,0,1,88899.45947894346
9124.918750620169,2004,4,3,439.7005272958252,Rural,1Story,0,1,152612.1629084569
8194.88016331181,1994,5,1,549.8357343427795,Suburb,2Story,0,1,104735.42908494815
15556.834553526813,1957,1,1,321.3013532224783,Suburb,2Story,0,1,58897.004122103695
9959.508325786199,2002,3,1,337.0810413659122,Downtown,1Story,1,1,86509.2825507197
6826.8672131323,2004,4,3,390.74819237479187,Suburb,1Story,0,0,116026.9705897566
12467.634736309567,1981,1,2,744.247132013392,Suburb,1Story,1,0,110281.99764322837
6337.469050086933,2000,4,1,402.5683954708588,Suburb,2Story,0,1,115291.31137463733
10626.590785014267,1993,3,2,785.8234037102062,Downtown,2Story,1,1,134798.6895787301
4120.989628360673,2019,4,3,377.00991237033287,Suburb,Split,1,1,154290.37683515807
6015.441853304708,1967,5,3,565.0028272513084,Downtown,2Story,0,0,133700.13448928838
10590.583707607371,1971,5,3,410.7514651560498,Rural,1Story,0,0,134063.2722039816
12215.399739986231,1986,4,3,650.8166340580945,Suburb,2Story,0,0,116787.64673617284
10514.104843569912,2005,1,2,276.34516908694417,Downtown,Split,1,0,91045.1755074876
9653.055152835279,2008,1,1,648.5718959154464,Suburb,Split,1,0,110017.23333322183
9096.688913232134,1952,1,3,522.7738800619368,Rural,1Story,0,1,73072.31195812915
5564.434028897718,1977,4,3,372.0016366445102,Downtown,1Story,0,1,120284.52073135368
7840.467374815874,1984,1,2,466.75570305796987,Downtown,Split,0,1,51719.894150412394
8618.083687120637,2010,3,2,806.7709882064349,Downtown,Split,1,1,151229.87672367832
13171.366678656746,2003,5,3,527.5689009761567,Rural,Split,0,1,151742.91327121027
11030.854868705384,2012,3,1,359.45439681747223,Rural,1Story,1,0,98442.75609023472
4710.879533911798,1956,1,1,259.0613434343775,Rural,Split,0,0,50000.0
10972.251908184386,1998,3,3,601.0808546861995,Downtown,Split,0,1,156400.29303487556
8844.753158751051,1980,1,2,539.1690494021371,Rural,1Story,0,1,50000.0
7969.233999082124,2007,4,3,639.0041390176447,Suburb,2Story,0,1,125796.76173168363
11835.028866522603,2010,3,3,207.55505206203156,Rural,2Story,0,1,92621.6293299252
13092.998567487854,1973,4,2,265.54790942169996,Downtown,Split,0,1,132846.5777158459
12793.840357348596,1969,4,3,729.3758398503799,Suburb,2Story,0,1,146002.50658246406
7482.3474303320845,1986,2,3,566.2683293558681,Rural,2Story,0,1,109981.95666485986
9072.362872446356,1953,1,3,606.6801702475124,Suburb,2Story,0,1,108921.85595916257
10993.790294210692,1969,5,2,307.4625935784093,Suburb,2Story,0,1,116783.93354579696
12926.635381367078,2009,1,1,303.8025603342163,Downtown,Split,1,1,92265.92508708913
8562.47728646413,1973,5,1,698.2517316384177,Suburb,2Story,0,0,104682.89359171838
9443.023070008549,1999,1,2,707.6755309530297,Suburb,2Story,1,1,87312.08026144232
6680.9950779819155,1998,4,1,282.33610259418924,Downtown,1Story,0,1,132866.95482654904
6411.380127757988,2000,3,3,244.12590082943098,Downtown,Split,0,1,107651.04343803172
12437.577467182595,1985,3,1,478.2814058575112,Downtown,1Story,0,1,103431.69796503942
14068.720085712468,2015,2,3,340.13030932479876,Suburb,1Story,0,1,70043.70897179039
9783.969635258998,1983,5,1,335.9646241907949,Suburb,Split,0,1,123403.12382313008
13010.598693676073,1985,5,2,249.72435071452148,Suburb,2Story,0,1,154680.9784600996
11084.908075142903,1955,5,1,406.31323034392665,Downtown,1Story,0,1,108377.50923025986
8064.640736184627,1988,4,1,269.06105147342686,Rural,Split,0,0,55217.71015746111
11084.186816525242,1991,5,1,280.9198193981527,Suburb,2Story,0,1,114936.35671115511
14614.109699397908,2007,3,2,559.6783693132609,Rural,Split,0,1,86112.12145845112
9892.521882670146,1961,4,1,488.9603531425247,Downtown,1Story,0,0,57490.96894653248
14693.930967442018,1952,1,2,596.9757363064264,Suburb,2Story,0,0,50000.0
2140.764687730767,1967,5,3,170.19331293013872,Rural,2Story,0,1,113379.1173978642
12465.707513125672,1989,5,1,501.97612196595264,Suburb,Split,0,1,102378.46728240972
10261.141204714513,1970,1,2,915.1275084331676,Suburb,2Story,0,1,117388.32247647674
9102.977948602396,1964,5,2,425.5455031428802,Suburb,1Story,1,0,173560.50502941955
10275.282329606507,1975,1,1,664.9498013144596,Rural,1Story,1,1,106212.0032131677
4037.2932561973216,1957,4,3,663.2013697548847,Downtown,1Story,0,1,139584.3512623674
9340.984336487465,1991,3,2,673.0397216002551,Suburb,Split,0,0,93004.43366915539
11071.337714535239,1993,1,1,533.3323374114646,Downtown,2Story,0,0,50000.0
14433.682134224548,1963,2,3,613.2171965488428,Downtown,2Story,0,1,132163.4012702571
8445.189345179058,1951,1,2,639.802724002601,Rural,2Story,0,1,73917.51815177496
7574.519191320437,1986,5,2,627.0892056628716,Rural,1Story,0,1,128778.49603372677
8494.72886924639,2018,4,3,276.5163652973207,Downtown,2Story,0,0,124005.89803362255
12746.206353106223,1987,4,3,158.52310349120265,Suburb,1Story,0,1,108281.93344048294
10986.253328979054,1990,1,1,189.2832913170386,Rural,2Story,0,1,66119.9119609713
8410.719388698884,2011,3,1,445.96800152346725,Suburb,1Story,0,0,68287.53313934947
11539.802299340068,2009,2,2,618.7853468845288,Suburb,2Story,0,1,115307.4038762933
10291.23264804412,1963,4,3,279.1177444976831,Suburb,Split,0,1,132954.14389019186
12905.934971598668,1951,5,3,684.7940917168808,Downtown,Split,0,0,158965.33237536188
7893.840718367943,2019,5,3,399.5449650984228,Suburb,1Story,0,1,125767.68987023496
9017.013560206695,1966,3,2,401.4489577611842,Downtown,1Story,0,1,93101.82929608147
8823.675540603526,1977,4,3,332.77860082407994,Downtown,2Story,0,1,156382.568375335
5609.455155603644,2015,1,3,123.04272819674526,Suburb,2Story,0,0,50000.0
10888.360831193728,1984,5,2,545.8628256869295,Suburb,Split,1,0,160022.54085330793
10783.165816539668,1954,3,1,842.5335425677138,Suburb,2Story,0,1,151445.8091389895
10015.340369927382,2014,4,1,487.4670952934873,Suburb,1Story,1,1,96892.68425102442
9296.238599874558,1989,4,2,129.8736716610296,Downtown,1Story,0,0,77895.53320961872
5753.887773848757,2005,4,3,656.0685623232893,Suburb,1Story,0,0,121398.37067174047
8738.064031703923,1985,4,2,175.04040197940216,Suburb,1Story,0,0,50000.0
8971.856450419691,1994,4,1,258.19312060216294,Downtown,1Story,0,1,86279.9502350015
7593.168192335143,1972,5,1,452.33236553728585,Rural,Split,0,1,98464.92441770632
9516.142865001973,1996,3,2,524.5686877080395,Rural,Split,0,1,121077.30518106888
11212.152570443615,1980,4,2,298.2671997666344,Downtown,1Story,0,0,56372.534411484194
15658.55770363159,1960,2,1,444.5367886868039,Rural,2Story,1,1,134169.87745098743
10523.733438495517,1959,2,2,643.0324801521369,Downtown,1Story,0,0,89954.8096071507
10772.651172168293,2016,3,1,670.4357769616037,Suburb,Split,0,1,82153.08375526109
9776.662252701499,1963,1,2,750.2912843628529,Suburb,1Story,0,1,102440.71993810922
4243.686354102875,1959,1,2,881.8837304586988,Rural,Split,0,1,99976.21685682618
9920.45837365235,1950,1,2,661.9778643322234,Suburb,Split,1,1,100422.7453045342
10180.690629823079,1954,2,1,456.6526971191519,Rural,1Story,1,0,66905.30411073849
17389.726337455857,1969,1,2,671.8627582245945,Rural,1Story,1,0,99620.30081475395
9422.917105656632,1957,5,1,593.3432468010365,Suburb,2Story,0,1,125919.79882606697
10904.642027000837,1992,4,1,601.2733955052508,Suburb,Split,0,1,98587.90595022887
9895.86469088427,1950,2,2,535.443757014337,Rural,2Story,0,1,58006.04461570222
6493.965887141404,2006,3,2,317.5891795692187,Suburb,1Story,1,1,102532.61822058968
13428.468443545062,2013,3,1,294.38071843561397,Downtown,Split,0,1,74087.36349347164
12255.799098060323,1977,4,1,480.5763597849715,Suburb,2Story,0,0,113101.12166405866
12373.095841129141,1986,2,3,529.7820151692744,Suburb,2Story,0,0,100428.01071201985
7271.837635615783,1996,1,1,364.1118154136574,Downtown,2Story,0,1,50000.0
14208.382932808297,1986,1,3,584.6683897217151,Suburb,1Story,0,0,62751.624121565976
5794.446811623157,1998,5,3,916.1531808078379,Suburb,1Story,0,1,183492.64909954212
11760.571281400811,1993,5,3,151.1338561443485,Rural,1Story,1,0,140321.2335085367
16571.366877429937,2005,1,2,616.4488955127522,Suburb,Split,1,1,109556.4536418979
7028.391024607935,1977,3,2,486.80507582183793,Suburb,1Story,0,1,86043.0295914516
8301.106811191685,1955,3,1,590.131111066931,Downtown,Split,0,0,75621.18948049555
10298.954095262923,2010,5,3,413.85705990794173,Rural,2Story,1,0,149881.07588073149
8489.573037651402,1969,4,2,470.7880229905666,Rural,2Story,1,1,136700.46194043063
5348.009706801602,1951,1,2,525.9000902016198,Rural,1Story,0,1,84129.84284426626
10205.688924418082,1986,5,2,439.67322329294785,Suburb,2Story,0,0,128992.79484221256
6813.088858821686,1969,5,2,195.89173652602025,Rural,1Story,0,1,96383.56102089849
11420.777291905544,1975,1,2,453.21699387110937,Downtown,Split,1,0,68270.76715145697
7241.72729729859,1978,1,3,216.7132743607612,Rural,2Story,0,1,52960.61032660513
14649.80321505262,1950,3,3,630.6386221160619,Downtown,1Story,0,1,142448.9444601579
7650.240122991288,1984,4,3,126.89097978437553,Rural,2Story,0,0,137890.86198576548
9033.815451382974,2019,4,3,705.7308758911779,Rural,2Story,1,1,156004.45444633448
12440.551652109009,2008,1,1,585.9126000406959,Downtown,1Story,0,1,64878.13060741823
6307.407050698134,2018,2,3,586.6777231467789,Rural,2Story,0,0,106043.25685179254
10682.379803812388,1982,5,2,67.13802643043208,Rural,2Story,0,1,95519.50353496528
13921.428262847285,2000,5,3,434.28011238168875,Rural,2Story,0,0,142151.38645336244
5177.550296316317,1961,1,1,730.712685731972,Suburb,2Story,0,0,55270.02452831752
10553.901575596912,1969,2,2,396.27840419394107,Downtown,Split,0,0,50000.0
10779.64838274527,2002,3,3,284.3875700072572,Rural,2Story,0,1,76518.50337675642
12345.46861533193,1992,1,3,372.66598099885755,Downtown,2Story,1,0,79199.67239108037
6289.147867365754,1999,1,3,486.3444754721324,Downtown,1Story,0,1,106739.08634809719
6038.630160747171,1978,5,2,329.72590993743773,Downtown,Split,0,1,104495.9898306998
11565.824696850694,2006,1,2,746.7634464178587,Rural,1Story,0,1,75371.81854170215
10890.954019699559,1988,1,1,487.0664940019215,Rural,1Story,0,1,65484.718775945024
10751.47855103763,2005,1,2,388.88613041041435,Downtown,1Story,0,1,50000.0
11039.344628490928,1992,5,2,239.73129463288413,Suburb,Split,1,1,150268.02379908206
7959.925835264527,1999,3,3,596.8893210557876,Downtown,1Story,0,1,86949.26358916
10696.761091483011,1972,3,2,592.3332589422727,Suburb,1Story,0,0,101267.31474726419
10879.217419896044,1993,1,3,341.55821876306163,Downtown,1Story,1,1,83311.14146760413
7856.945745920896,1987,5,3,52.73419433717095,Downtown,2Story,0,0,85574.29637002145
15597.32353343427,1972,3,2,582.1524379151768,Downtown,1Story,1,1,134919.52762172907
11421.498762735362,1994,3,1,462.63932174779956,Rural,Split,0,1,106525.99126503865
6426.089508392054,2001,3,1,567.2142335851338,Suburb,Split,0,0,89050.16969548435
11969.660825901488,1999,5,2,891.4349067279277,Suburb,2Story,0,0,141744.3119416625
7075.954989318036,1957,5,1,494.6336312581881,Downtown,Split,0,1,122938.4853011472
12361.253811227356,1950,1,3,397.23227663144564,Rural,Split,0,1,80631.6641249178
13475.786737022212,1957,4,3,270.53560647033197,Rural,2Story,0,1,121322.2621118569
7537.953044944868,1978,3,2,437.5156417009902,Suburb,1Story,0,1,89865.5406141599
12890.128387732966,1954,4,1,532.1154699231282,Rural,2Story,1,0,128224.73375564853
11238.342780809495,1996,5,1,510.66148411975206,Suburb,1Story,0,0,92281.65313017169
12466.18047998347,1983,5,3,844.6930680134205,Suburb,1Story,1,1,205487.18047789836
15690.378947961843,2014,5,2,599.8171130931885,Suburb,Split,0,1,155196.63241990868
9263.835651991389,2004,4,1,473.03982569855805,Rural,2Story,0,1,150762.649733142
7738.791506927531,1992,5,2,358.68788423330545,Suburb,Split,0,0,120488.75115284594
7331.45671112343,1979,1,1,553.334552756664,Suburb,Split,0,1,81822.03593589623
7552.5691451036855,1966,5,3,318.59836832346815,Downtown,1Story,1,1,124394.67834737236
9768.694871757687,1975,2,3,535.9662159075813,Suburb,Split,0,1,116229.9325902111
11023.45592444993,1957,4,2,597.4827853809687,Suburb,2Story,0,1,142213.4942755782
10830.072397990058,1996,2,3,456.7095554457105,Downtown,Split,0,1,125638.20436403445
12481.54974710807,1995,5,1,373.9427111869717,Downtown,Split,0,1,118731.27810364965
10039.005675633722,2017,1,3,62.94063053301882,Rural,1Story,0,0,50000.0
14360.60223147195,1982,3,2,728.7673452840781,Suburb,2Story,0,0,75991.67778098621
9206.029500286131,1950,5,2,580.6600780490563,Rural,Split,0,1,112164.3449601149
18160.507499768857,1968,1,2,585.5234563169564,Rural,1Story,0,1,73745.64439973117
11877.002043295019,1980,4,1,187.72953284454005,Downtown,Split,0,1,55476.48671858332
7428.5273307511525,1963,2,1,775.9677399480114,Rural,2Story,0,1,72808.3001090821
6787.322505816663,2002,2,1,406.95662667638396,Suburb,Split,0,1,75406.14557409039
11447.417245729555,1997,2,1,442.24093946010277,Downtown,Split,1,1,101270.59019966667
9329.611644022447,2018,4,1,286.14262891623497,Suburb,1Story,0,0,64812.552494835385
12142.001482276275,2011,1,3,142.61085373203036,Suburb,Split,0,0,50000.0
11419.712873720635,2015,4,1,731.4692623447133,Downtown,1Story,0,0,84497.41111825252
9781.513262029383,2013,2,1,757.3194738795248,Suburb,2Story,0,1,87846.74565049914
7459.618845794785,2019,5,3,466.8943697293345,Downtown,Split,1,1,210915.25753658995
5455.458325942406,2012,3,1,364.12308603873,Suburb,2Story,0,0,93667.49060654137
8660.455143798938,1982,4,2,424.59116617314834,Downtown,2Story,0,1,116800.05093778022
12569.196382970416,1990,4,1,430.0770019928901,Rural,Split,0,0,99707.35737034825
10642.281232390613,1997,1,1,260.0280555640803,Suburb,1Story,0,1,71125.12306813075
6262.783663864036,1962,1,2,441.5489569112319,Downtown,2Story,0,1,79852.44870078005
10519.542777553546,1980,4,2,530.6203985868651,Suburb,2Story,0,1,111472.01588857363
11155.952139186511,2017,2,2,703.6314495297504,Suburb,Split,0,0,68081.36786644862
7348.427691396601,1953,3,2,502.8488328027424,Suburb,Split,0,1,96010.44250254033
10461.175317836583,1968,1,1,184.7296582201128,Downtown,Split,0,1,64225.92800242242
10174.626155337999,2019,2,2,570.7095726397354,Rural,Split,0,0,73129.40138465533
6571.0891065081305,1962,5,2,448.81388766604925,Rural,Split,0,0,89612.89269161454
11073.36208104485,1972,1,3,774.0819387967733,Rural,Split,0,1,59545.87070516266
11682.353579104703,1950,2,2,785.8915604088015,Downtown,1Story,0,1,94990.7863226669
13249.153729525831,2003,2,2,792.8908624534599,Rural,2Story,0,1,82564.18980921141
13161.40615610471,1964,3,3,387.6824129253441,Downtown,1Story,0,1,95185.4169803029
5866.991896128727,2014,3,3,897.9710146675114,Suburb,1Story,0,1,163481.8712294033
7186.524880254632,1964,5,1,570.1885009791414,Suburb,Split,1,0,131904.2960728208
11545.10580162598,1970,2,3,825.2760811337266,Rural,2Story,1,0,106370.03961972705
11541.357852736626,1968,2,1,399.4760772336481,Downtown,1Story,0,1,76064.24306004716
11545.143058918144,2009,3,3,440.2806524780747,Suburb,Split,0,1,149448.5773960979
21558.19447196416,1982,1,3,554.805470534417,Downtown,Split,0,1,81741.93050329997
11712.671532079501,1998,1,1,530.3755219227879,Downtown,2Story,0,1,50000.0
13406.696920541797,1984,4,3,750.9623886938339,Suburb,1Story,0,1,152083.71793441672
12862.005290479607,1993,3,1,453.5741362903091,Downtown,1Story,0,1,97035.928085957
11954.173753917394,1960,4,3,732.9229980620713,Suburb,1Story,1,1,162568.13875055726
9054.192266078964,2015,3,2,646.4469014265306,Suburb,Split,0,1,107529.34182076796
12276.907661479801,1995,5,3,457.3215562785703,Suburb,2Story,0,0,109343.40339284767
7681.524356387285,1958,2,1,630.9353234964626,Downtown,2Story,0,1,110723.06589706415
9289.544179779974,1952,5,3,405.34699063339025,Suburb,1Story,0,0,81794.05827928637
8543.90935651269,1975,3,1,970.0411600011444,Downtown,Split,0,1,107908.27547738755
10245.622418158968,1997,2,1,-32.86646421488939,Suburb,1Story,0,1,50000.0
16943.975700020525,2015,1,2,634.5886408990078,Suburb,2Story,0,1,98467.70784989445
4398.204422224755,2019,1,2,147.08081814459058,Rural,Split,0,1,82011.23585912665
12058.780571123541,1977,4,1,454.8686593563863,Rural,1Story,0,0,84029.34457298068
5161.852386431045,1975,3,3,482.8783821057508,Rural,1Story,0,0,98554.85467452557
8584.2044026317,1974,3,1,801.5267117827368,Downtown,Split,0,1,111121.91392270793
13266.8517909021,1961,1,1,361.569557584622,Downtown,2Story,0,1,73377.6711853318
10192.840057286388,1954,5,3,761.6023831323556,Suburb,Split,0,1,172236.65650445194
6766.765666212082,1997,2,3,264.23667195504066,Suburb,1Story,1,1,100211.23036443553
7854.088872220095,1986,5,3,769.3339447509732,Suburb,1Story,0,1,163903.26615499705
12038.793246804027,1993,5,3,405.13091161930544,Suburb,1Story,1,1,170341.9693628906
7808.90010484859,1964,1,1,514.6869038482238,Downtown,1Story,1,0,67894.2352564623
10649.375768745924,1992,1,1,432.7242673779192,Suburb,2Story,0,1,66418.3418072266
10136.71551971144,1997,1,2,756.4726948231207,Suburb,2Story,0,1,86028.75713387765
8045.19895718255,2019,4,1,717.5479686467495,Rural,1Story,1,1,149015.66240419904
16431.832267975977,1995,5,3,588.700344116905,Suburb,2Story,0,1,119979.20929427502
11901.757066954033,1992,3,2,269.62632308264523,Suburb,2Story,0,1,72441.10628342921
3924.5722400271784,1970,2,3,356.99562639395145,Suburb,2Story,1,1,129244.13723356168
10559.362944308283,1972,4,1,294.2846948987749,Downtown,1Story,0,0,55808.07083799946
8014.640605694836,1996,3,2,50.371422641567335,Rural,Split,0,1,89600.9017220492
12557.300004388671,1964,5,3,752.2636203700092,Suburb,Split,0,1,150510.2343980353
7622.437784701898,1974,1,2,434.43529473146066,Suburb,Split,0,0,72811.08370101667
9655.790675599303,1985,5,2,432.30120714154054,Rural,1Story,0,1,141187.62910576674
11514.961836941371,2000,2,1,799.2204466851119,Suburb,2Story,0,1,84010.58854348831
12597.265582510365,1964,4,3,404.8022795227265,Downtown,2Story,0,1,115301.11967453045
6399.110778832672,2017,4,2,331.90581286281383,Suburb,1Story,0,0,56648.525459727316
8996.496292477155,1970,2,2,455.0508758970031,Downtown,1Story,0,1,80234.54645392034
8575.16406651713,1962,3,3,273.46618962462077,Downtown,Split,0,0,57556.08626981241
8040.012302278864,1968,3,2,568.8711538575913,Suburb,Split,0,0,83949.83065573122
15296.36272084329,1983,4,2,425.26758434716595,Rural,1Story,0,0,84957.97816544934
11214.945132882867,2017,4,2,398.5457178812376,Downtown,Split,0,1,97206.85130760107
6217.348136994864,2001,1,3,381.21936559593956,Rural,2Story,0,0,85977.6320035712
12753.585841164328,1976,3,3,478.75570123159775,Suburb,1Story,1,1,109141.10297985046
16366.4685910379,1978,2,3,516.6962251039702,Downtown,1Story,0,0,62537.173672871984
13097.39578165344,1977,3,3,396.00498231849565,Suburb,2Story,0,1,91667.00220593973
5441.89010213796,1984,1,1,428.24681278097063,Rural,2Story,0,1,50000.0
8547.297781401247,1957,4,2,483.69543463613024,Suburb,2Story,1,1,120434.67448018963
13800.73344755987,1965,4,3,463.51637289209225,Suburb,Split,0,1,115630.85613295436
7876.991603143658,1985,1,2,506.2151933750028,Downtown,1Story,0,1,77932.61592115887
11331.458284438686,1979,2,2,364.6658393503972,Suburb,Split,0,1,92643.78171094356
12323.902160288011,1967,4,1,700.9185818252981,Suburb,2Story,0,1,127295.32726107285
7219.208585265751,1951,5,3,519.3656354819034,Suburb,Split,0,0,85976.42229332654
9821.4239318146,1998,4,3,399.23064943502453,Downtown,2Story,0,0,115463.66458129813
276.1979797927823,1953,5,2,568.876843475707,Rural,Split,0,0,125584.5740078458
6926.83707599713,1956,1,3,485.1262802362571,Rural,Split,1,1,89677.59950834932
9242.29554582052,1988,1,2,153.23472910326637,Suburb,2Story,0,1,87907.8435367643
6256.650454105452,1962,4,2,568.1905380443253,Downtown,Split,0,1,139425.41804304905
14897.233911794905,1980,3,1,296.0987595231626,Suburb,1Story,0,1,77293.42265245519
5709.575866118102,2012,5,1,686.8855566462614,Rural,Split,1,1,146682.0074856096
8679.86653990905,2005,2,1,451.6500722213106,Downtown,Split,0,1,109198.19149532382
10392.221731858273,1991,4,2,656.0140594782129,Rural,1Story,1,1,149624.35043404013
14323.819867198346,2010,2,3,373.9562893604786,Rural,2Story,1,0,104541.79381990407
5692.413546461682,1991,4,1,513.9858534281279,Downtown,1Story,0,1,109305.348749388
13489.491256464878,2005,3,3,742.0487001013753,Downtown,Split,0,0,156799.41934195303
10030.699183058761,1985,3,1,446.1966907170355,Suburb,2Story,0,1,84579.83624554158
7055.474046856148,2017,3,1,381.83658025283904,Suburb,Split,0,0,73389.54421713417
11386.310422789813,1956,3,2,631.0081227563579,Rural,Split,0,1,88643.01598206861
10597.17908672041,2003,1,1,627.1323193501921,Downtown,1Story,0,1,61972.598913104026
8199.349368523615,1950,1,1,390.25017331703623,Downtown,1Story,1,0,50000.0
10209.406254970056,1993,5,2,102.90779591644754,Suburb,2Story,0,0,81332.81879770965
8844.05920941472,1994,2,3,377.9954045003288,Rural,2Story,1,1,80189.17766095599
10340.552035753744,1996,4,1,635.4719043372844,Rural,2Story,0,1,132107.49215679712
11986.39202356314,1962,4,2,344.9931621152552,Suburb,Split,0,1,109704.44877771665
14758.050448436055,1971,1,1,497.8124325967609,Downtown,1Story,1,1,89920.38797993881
6286.5535035194525,1970,4,2,368.5030124067312,Suburb,1Story,0,1,107439.25002471438
16399.1001239688,1958,1,3,113.56656749479006,Suburb,1Story,0,1,61077.63972632604
4143.736601432494,1975,5,3,364.90376459201445,Suburb,2Story,0,1,166169.4070206238
9544.644714893251,1958,2,2,634.6264041379425,Suburb,1Story,0,1,75251.31081735123
11764.951619453728,1964,5,2,25.949503986837552,Downtown,1Story,0,1,111382.26068112007
10842.975603205097,1959,3,2,550.4334700951151,Suburb,1Story,0,1,106989.92611728798
8131.901440538219,1991,3,3,262.78615372011734,Downtown,2Story,0,1,123160.41126832641
9375.633248928174,1973,3,1,621.6884138948384,Suburb,1Story,1,1,130251.27327830622
8520.997196023502,1998,5,3,642.8637871747306,Rural,2Story,0,1,159806.7762272438
8231.905729167365,1975,4,2,465.6104130177448,Downtown,1Story,1,1,113697.44829738176
12548.806291063074,1986,2,2,466.06636824375556,Rural,1Story,0,1,68850.75944099878
11071.046457895141,2017,3,3,338.72746057273974,Suburb,1Story,0,0,68409.31541194409
7921.271214218037,1999,3,2,230.88331997900679,Suburb,2Story,0,1,50000.0
12698.799626299751,1973,3,3,839.6185812667467,Suburb,2Story,0,1,135351.90378175306
10921.898562629827,1968,2,2,326.98571456577446,Downtown,1Story,1,0,81025.92791575477
12438.58635651688,2009,3,1,813.5592262392944,Rural,Split,0,1,117683.78094712374
11888.886525770837,1988,2,1,328.0999920399646,Downtown,2Story,0,1,69033.67407796594
7513.014967233782,1967,3,2,605.0380780675457,Downtown,2Story,0,0,94835.76035712182
8319.45687940909,1968,5,3,272.43856806927306,Suburb,1Story,0,1,155267.43120769178
12241.880815369785,1985,5,1,604.6790033804031,Rural,Split,1,1,152002.27076269293
11831.110796300394,2004,2,3,434.8825285693756,Suburb,1Story,1,0,118642.22189850832
9937.295218107556,2018,5,2,437.49676786486594,Downtown,2Story,0,0,110729.33762474285
10351.982149926345,1996,2,3,622.0046339568901,Suburb,2Story,0,1,120299.51391958894
13832.994687365275,1998,5,1,406.1717269841804,Rural,1Story,0,1,93454.16320168704
8225.28583349251,1982,5,3,214.3703009109805,Suburb,1Story,0,0,75249.64387388488
11641.292143510113,1970,2,3,652.2611126818905,Rural,Split,1,1,169862.67798881835
9393.422042698317,1971,4,2,270.81988200353436,Rural,Split,0,1,140461.01136686857
9346.956390318339,1997,5,2,603.303456879582,Suburb,2Story,0,1,99048.35247895471
13296.330555961571,1986,3,2,694.5993090666001,Downtown,Split,0,1,110740.66223936407
12476.249046964089,1964,4,1,424.90122272955654,Suburb,Split,1,1,128768.15048852032
12440.528908001916,1984,2,1,736.4705688183568,Downtown,2Story,0,1,102807.36536936564
13916.436421462988,1981,4,2,596.3567415722567,Downtown,2Story,0,0,140841.17937385215
10063.011524898277,1960,1,2,360.8277159710449,Suburb,2Story,0,1,50000.0
12045.858913884891,1959,1,1,780.285800453215,Downtown,2Story,0,1,52881.11210149063
9069.199730219632,2006,5,1,271.6656356521219,Downtown,1Story,0,0,97250.55025608401
10972.499057465326,1974,5,1,424.65991401928693,Suburb,2Story,0,1,97471.16001382958
9609.570836896946,1951,3,1,458.7370392761342,Suburb,2Story,0,1,50000.0
10290.987894978154,2013,4,2,621.044740203651,Suburb,2Story,0,1,120910.34559363451
11785.471076310741,1984,1,1,723.0866594762268,Downtown,Split,0,1,89823.06582770827
7545.337950299582,1956,5,2,710.5583113805427,Rural,2Story,0,0,123794.0212377571
16277.161827056381,1967,4,3,544.7496639148612,Downtown,1Story,0,1,139581.15999700967
6981.947855500894,2016,5,3,443.94617910728664,Rural,1Story,0,1,151487.25251300438
6357.434161636804,1991,5,1,134.80315167447395,Suburb,2Story,0,0,68364.01941750072
13474.332620500203,1988,1,3,237.1708291089567,Rural,1Story,0,1,70153.71566923395
12374.988081888807,1990,1,3,853.3310978582871,Suburb,Split,1,1,94287.09179295306
11872.359451156466,1973,5,3,132.78560249949214,Suburb,2Story,0,0,96819.7904897821
11885.03652779284,2009,2,1,343.1018713515781,Rural,1Story,0,1,72183.0076218955
9963.259681459256,1995,5,1,728.9212564100179,Suburb,1Story,0,1,134022.64209155404
7308.236885542506,1968,5,3,541.9426598394734,Rural,2Story,0,0,101151.51782461768
10227.41367458118,2017,3,2,685.6090142011384,Suburb,1Story,0,1,92302.81512269168
7968.514865463665,1991,3,3,608.5656702541353,Downtown,2Story,1,1,148427.1612545193
12925.359200253253,1981,3,1,793.9165074721773,Downtown,1Story,0,1,122472.94767167742
9558.827855493584,1988,2,1,559.0854573129769,Suburb,Split,0,0,60710.511274405835
7523.5084096224655,1985,2,1,632.6895458303022,Suburb,1Story,0,1,78069.17879054691
9035.84247504102,1985,5,3,355.150693588332,Rural,1Story,0,0,137973.41310422544
11238.794362826873,1952,3,2,617.2665951156274,Downtown,2Story,0,1,88734.39541886435
8308.826341588076,1957,2,1,420.77478040215425,Rural,1Story,0,1,104362.41860560594
7533.338813300706,2019,1,1,409.3788264038575,Suburb,2Story,0,1,50000.0
10731.061634475736,1990,5,3,678.9447029294275,Suburb,Split,0,0,157024.472392592
10734.89971332617,2017,4,2,680.3246752118728,Rural,2Story,1,1,164606.93964078804
8479.17047388661,1962,5,3,837.6884311492264,Suburb,2Story,1,0,214371.623710104
8586.88508314503,1998,4,1,824.6526370972402,Downtown,1Story,0,1,101695.11429805131
10696.149812072908,2009,3,2,683.4630322717551,Rural,Split,0,1,66499.65593968908
5655.746975508027,1951,4,2,155.9108779526575,Downtown,2Story,1,1,145941.02871329576
5777.608676870334,2009,3,1,865.5361965899392,Downtown,1Story,0,1,82807.91576986999
7844.667336242692,1954,1,2,683.5935341332724,Downtown,1Story,0,1,89973.65322278782
9359.658544864458,1993,4,2,346.82798198273946,Rural,2Story,1,1,158378.01729713078
10932.722696794013,1976,5,3,645.7818311125565,Suburb,1Story,1,1,180593.63407695084
14426.068650848656,1981,3,1,292.54685180745435,Downtown,2Story,0,1,85515.22100692507
12572.978869606059,1970,5,1,623.7260240219483,Downtown,2Story,0,1,134330.83168593238
9520.18441010972,1957,2,1,236.74599178518014,Downtown,2Story,0,1,77380.939300787
9942.951376291934,1999,3,1,338.3563182426727,Suburb,Split,0,0,81658.6151211569
6992.411906086573,2016,4,1,641.9858258401053,Suburb,2Story,0,1,92437.539275243
9944.46059202283,1993,3,2,714.5773485985787,Rural,1Story,0,1,149628.30647283286
9134.024083239587,2007,5,3,565.0873718867621,Suburb,Split,0,1,148067.86953270852
10968.155681014268,1952,1,1,442.76627266240587,Rural,1Story,0,1,65814.82691952054
7518.307169343031,2019,3,3,77.02674099660189,Rural,Split,0,0,93046.30047206079
11558.039542723516,1951,4,3,458.1957800697281,Rural,Split,0,1,144243.92543653934
14598.216739007734,1993,2,2,606.6970153649055,Rural,Split,0,1,113822.96938512806
9673.719554629428,1951,1,1,436.64697881287054,Rural,Split,0,1,57663.82266513967
11205.135166296825,1984,2,2,495.48441178111636,Downtown,1Story,1,1,112635.60163241459
12070.431975133337,1979,3,1,462.87650641641585,Suburb,2Story,0,1,97336.74929995005
8796.338584342491,1957,5,2,435.65875643571326,Downtown,1Story,0,0,132572.12132669843
10672.277445431251,1971,5,3,515.1754779919626,Rural,2Story,1,1,143713.06297739476
10037.777202345385,1993,4,1,445.4610835695079,Suburb,1Story,0,1,117555.34039533803
10293.028295646494,2007,5,3,788.6579107263884,Downtown,Split,0,0,125509.37371935594
7680.9706484336,1985,1,3,58.71623032325344,Downtown,Split,1,1,121536.8917226764
10073.530522776828,2018,5,2,390.8314828057845,Rural,2Story,0,1,136788.59280520654
11493.994873736348,1980,4,1,325.948755296555,Downtown,2Story,0,1,89091.82622054774
14353.430823385124,1996,3,3,543.822120006882,Downtown,1Story,0,1,123508.97234195586
12877.81247825562,2004,3,2,515.4289571766253,Downtown,2Story,0,1,104484.25913734289
16459.547372534667,2011,5,1,824.4386203098858,Downtown,1Story,1,1,162282.78724257107
7697.957311335851,1979,2,1,890.2284096595589,Downtown,2Story,1,1,84303.8949279363
12616.961910162034,2004,3,3,345.3833088859038,Rural,2Story,0,1,85311.47499984251
10550.026017215056,1965,5,1,500.10001300672593,Rural,2Story,0,1,116801.43892085816
16569.408799653018,1961,4,3,539.260883384871,Downtown,Split,0,0,77461.65546363202
7575.105143934546,1966,5,1,340.4372503325328,Rural,Split,0,1,99954.08762091357
7480.834473457672,1965,3,2,625.6764072075246,Rural,1Story,0,1,95861.1334493703
8201.822063667934,1961,4,3,452.0985262470111,Suburb,2Story,0,1,106198.09199822858
3628.3128270705793,1957,5,3,286.4730298798044,Downtown,1Story,0,0,128507.03089555375
8422.734934957716,1952,1,1,444.0863391466914,Rural,2Story,0,1,50000.0
7722.602015338906,1965,4,1,300.46508545187027,Rural,Split,0,0,81368.65653427818
10451.181359428623,1979,1,3,707.3293658838511,Downtown,Split,0,1,84307.70092797535
11025.267927331479,1972,2,1,880.311851022734,Suburb,2Story,0,1,91949.89996776733
15628.51251764766,1954,4,2,548.9638747789079,Downtown,2Story,0,0,133132.4939171445
12851.271514558151,2014,1,1,522.2553536106551,Suburb,Split,0,1,69235.00743234182
8269.28903301279,1979,3,2,530.4869533748372,Downtown,Split,0,0,94967.69838959776
7304.7559859549265,1970,3,2,736.446805787663,Downtown,1Story,0,1,96587.04610498135
11475.757514519517,2019,2,2,732.1398007194366,Downtown,Split,0,1,114144.74115702977
6039.300378938074,1971,4,2,476.86928629035384,Downtown,2Story,1,1,150683.25545526377
15494.376297563062,1981,4,2,550.5179854758183,Suburb,1Story,0,1,128533.01637754077
13538.32036216386,1982,4,1,630.5292814354157,Suburb,2Story,0,0,73678.31091773938
8592.473043685886,1965,2,2,272.4625086898532,Rural,1Story,0,1,61504.10580556766
4860.596412727366,1987,4,1,742.5216474840913,Downtown,2Story,0,0,132546.28960969768
14061.61712249624,1963,3,2,846.9663782454455,Suburb,Split,0,1,103034.04576975184
9656.380464242146,1985,1,3,733.0064209678915,Suburb,2Story,1,0,134646.6453681296
13713.448935920385,1972,3,2,250.88121767708898,Suburb,1Story,0,1,76953.26383220551
5216.717023616899,2015,3,3,105.99990891622517,Downtown,2Story,1,1,122816.48569710388
8201.874931138682,1951,1,2,641.7437347035863,Rural,1Story,1,1,96525.82079934141
10015.73109915455,2014,3,2,347.9621102075827,Suburb,2Story,0,1,80002.1571777374
10140.941781294227,2016,2,2,557.4266708245972,Downtown,Split,0,1,75964.56336764914
8649.80358556227,2001,1,3,807.0297440015097,Suburb,Split,0,0,69453.1251061364
11868.549797042497,2011,3,3,368.608964720318,Suburb,2Story,0,0,95610.41936297782
6797.138711852217,1972,5,2,424.48906871820805,Rural,2Story,0,1,144300.77530293434
9572.861544936119,1975,3,1,555.3445945176633,Suburb,2Story,0,1,95026.09139561244
10360.886895135696,2017,2,2,240.49807200355394,Suburb,1Story,0,1,76160.94773821806
11543.316502176247,2004,4,3,348.4287607988248,Downtown,2Story,0,0,130144.43231180895
12134.844634266668,1955,3,2,504.9715007502538,Downtown,2Story,0,1,99696.68702318161
6626.073724486393,1984,4,3,439.90902623644973,Rural,1Story,0,0,97604.4399468404
5397.657487793133,1971,5,3,621.6815507598452,Downtown,Split,0,1,126283.2325401342
13833.030465695527,1992,3,3,1053.1959228878534,Downtown,2Story,0,1,165407.072122222
10996.942035938775,1964,1,2,519.8276678836249,Rural,2Story,0,0,50000.0
7754.5403903303395,2009,4,3,331.65761079239815,Suburb,Split,0,1,108988.95005604584
14653.455926567569,1961,5,3,783.6480709515129,Rural,Split,1,1,165128.0736353868
10347.023902878576,1998,1,2,182.2363049359558,Downtown,1Story,0,1,81299.09659558114
13537.891552191479,1991,1,3,222.21836579417854,Rural,2Story,0,0,50000.0
10202.555444230327,1987,1,2,380.9793122704553,Suburb,2Story,0,1,85660.24632146694
16182.243774645962,1994,1,3,443.4226558960749,Rural,1Story,0,1,75124.79702436081
15266.022527329613,1984,3,1,376.1854526965583,Downtown,Split,0,1,61194.326239562746
9253.10755456278,1979,3,1,493.6975351153954,Downtown,1Story,0,1,84027.57395491739
12914.712852863066,1979,3,3,554.9483805492691,Rural,Split,0,0,98120.70346703328
11936.127848755443,1955,5,1,713.7919070550277,Suburb,1Story,0,0,112005.54077581195
14105.894672597045,2016,5,2,518.2376547687564,Rural,Split,0,1,132853.2676276411
7105.2296182596865,1956,5,1,387.6107504609797,Suburb,1Story,0,0,91612.6909557952
12058.154379995318,2001,2,3,702.9290772878824,Suburb,Split,0,1,92666.8362141415
13175.273460548764,1963,5,3,336.45690485397387,Rural,Split,0,1,131469.34925278806
4723.781540730657,1964,3,2,173.47945086253537,Suburb,Split,1,1,118940.1787730926
6450.224462002675,1970,3,3,741.1912035809085,Downtown,Split,0,0,77872.14721167121
3882.3034667196985,1984,2,2,728.3706489621943,Rural,Split,0,1,123838.59984382105
9191.779496666328,2015,2,1,341.5403215591788,Suburb,2Story,0,1,50000.0
12152.626767387887,1951,5,1,420.1802292358149,Downtown,Split,0,0,100735.5092247916
14507.071156288084,1984,4,2,316.6144909340141,Rural,2Story,1,1,141697.5339677321
10222.284341259325,1969,2,2,565.3248435130268,Downtown,Split,0,1,76201.40882116345
14885.846636713875,1959,1,3,846.4098582736164,Downtown,2Story,0,1,53852.65596063634
5859.695625355326,1974,3,1,640.5763597190244,Downtown,2Story,0,1,95552.93294036383
4889.852681934536,2015,1,2,707.1449285166065,Suburb,1Story,0,0,73300.06344471833
9833.356903310143,1974,3,1,663.9456663382023,Rural,Split,1,1,100721.24219441923
11152.196346817922,2003,3,2,499.9761702881813,Rural,1Story,0,1,86807.66226626806
9901.91575571772,1982,2,1,716.6680875822631,Suburb,1Story,1,1,131386.66545794602
3797.6736998803704,1985,2,3,649.0061125825599,Rural,Split,0,1,106341.91756016231
9732.639881461635,1963,1,1,787.8891430306272,Downtown,1Story,0,1,50000.0
6086.591498485441,2014,3,1,408.0902117676487,Rural,Split,0,1,98861.97485846993
12009.017646490116,2003,1,1,152.3776720909227,Suburb,1Story,1,0,50000.0
11099.794738290544,2001,4,1,709.0502029746156,Downtown,Split,0,0,88168.25943958072
7180.3606410179345,1952,1,1,569.9539041212116,Suburb,Split,0,1,65722.64666608672
8458.399247989919,1990,5,3,440.79077993575277,Downtown,Split,1,0,151213.92354165023
6822.359434333145,1955,1,2,451.9694375385018,Downtown,2Story,0,1,58114.56464809179
9811.962708180485,1974,5,1,1010.9372651804232,Rural,1Story,0,1,135960.79539446588
12865.426961503716,1962,5,3,371.5610694931458,Downtown,2Story,0,1,127890.72696977343
7042.821860993369,1957,5,1,329.3393386347334,Suburb,1Story,0,1,94625.52528889393
11512.139546553533,1970,4,1,517.0568466986704,Rural,1Story,0,0,112748.2087659499
8409.227144882678,2017,1,2,736.0981755945922,Suburb,1Story,0,0,50000.0
7621.381503212968,1974,1,1,955.6803973058455,Downtown,2Story,0,1,78442.6617888579
9678.908920136326,2017,4,3,631.4729926779142,Suburb,1Story,0,1,107182.33725552612
6894.273032741878,1994,3,3,245.918251204114,Suburb,2Story,0,1,118484.89023610356
8339.052083958453,2009,2,2,894.1728541435598,Downtown,Split,1,1,128845.82654827807
6406.366322233454,1961,1,1,496.1062601845806,Rural,1Story,0,0,50000.0
15894.175398749168,1981,2,3,332.4581136210061,Suburb,1Story,0,1,101582.79996027151
10105.790655915185,1962,4,1,284.1215085801292,Downtown,Split,0,1,50000.0
7900.823476022244,1980,3,1,667.2657438670913,Rural,Split,0,0,90059.97593089454
10641.939732202665,1969,3,1,547.7658772372828,Rural,1Story,0,1,115420.4970299411
9663.015850927512,1967,3,2,569.0150753891701,Rural,Split,0,1,106838.25508522335
9337.091201400332,2009,4,1,757.3006238143862,Suburb,2Story,0,1,111728.19316705166
11842.500100130275,2012,5,3,339.56908169807116,Suburb,2Story,0,0,96453.23984971741
12272.523130141915,1955,5,1,773.2309256547296,Suburb,1Story,0,1,153934.56422248806
8408.496557168417,1981,2,3,396.16853544126195,Rural,2Story,0,0,94540.9488904808
8272.54527806596,1992,5,1,932.8014747824712,Suburb,2Story,0,0,116015.5625740838
9174.844908545068,1951,5,3,619.747803198628,Downtown,1Story,0,1,131806.3883368263
3094.2365057932457,2009,3,3,315.95229404472457,Suburb,Split,0,1,128463.89907182718
5454.426813404344,1972,3,1,94.91638333590409,Suburb,1Story,1,1,105632.62637070015
14100.622802333573,1980,2,1,661.7849444558022,Rural,2Story,0,1,50000.0
14934.903140503851,1954,1,3,425.1639448019633,Suburb,1Story,0,0,55893.49817744337
9252.891881330865,1983,2,2,468.88686109563287,Downtown,1Story,0,1,80185.74301803835
11729.670889167299,1959,2,1,653.2392018348214,Rural,2Story,0,0,71631.94625322484
10933.750463630608,1951,4,2,702.082765250131,Downtown,2Story,0,0,108434.39608584897
19236.642425365713,1960,4,1,744.7420681338582,Rural,1Story,0,1,106175.24659550219
13358.72473430373,1999,2,1,265.0317383234127,Rural,2Story,0,1,69852.36721071124
9616.2472255577,1980,2,1,785.1789499249178,Suburb,2Story,0,0,66399.55671156707
7133.378678198723,2005,2,1,384.1909327663701,Downtown,2Story,0,1,141064.62094470166
5180.661039227282,1958,5,2,48.750013050354646,Rural,2Story,0,0,93743.86528318073
10610.39090760167,1970,4,1,264.3119306279908,Suburb,2Story,0,0,78027.71105789552
7730.94776414709,1977,2,3,543.605018426513,Rural,2Story,0,1,134813.71156519838
5733.238871206978,2011,3,3,304.2371507837721,Rural,Split,0,0,62082.32205901461
8060.28134727242,1956,3,2,482.3911061647912,Rural,1Story,0,1,95600.70064004265
6755.355989156815,1965,5,1,567.6504975058357,Rural,2Story,0,0,88958.01669509789
15061.424905217695,1953,5,3,463.7229193781428,Rural,1Story,1,1,174336.9613481611
12644.919270848352,1953,1,2,401.12913242865665,Rural,Split,1,0,63595.916170578654
9976.082076050148,1989,1,1,249.86078740235476,Suburb,2Story,0,0,50000.0
14439.832416670079,1966,1,3,504.38876164306646,Rural,1Story,0,1,90124.85637501087
10232.104922942855,2001,5,3,87.00852248305297,Downtown,2Story,0,1,138160.19241318357
7416.147396015209,2001,5,2,362.8003916561157,Suburb,2Story,0,0,121804.55690720507
14569.372231808971,1985,5,1,314.4431781878478,Downtown,2Story,0,1,107887.06475461014
11616.730131053975,1987,3,1,452.124629698217,Rural,2Story,0,1,61469.34465084167
6888.26153702063,1999,5,3,457.3340401381461,Downtown,2Story,1,1,186017.2834425428
9428.983965749176,2012,3,3,691.9913348867491,Rural,2Story,0,1,152074.40507729808
7373.145239845728,2012,1,3,816.6954554499199,Rural,2Story,0,0,66351.13799906237
5851.600807106991,2011,1,1,276.44423195260595,Suburb,Split,0,1,67698.27483795512
12778.532642594924,1956,1,2,898.566525054006,Suburb,Split,0,1,65248.85662741451
15728.249921410392,1976,2,2,344.1408800957136,Rural,2Story,0,1,82032.96999923773
5804.297278542576,1963,2,1,534.505356584618,Suburb,2Story,0,1,84271.72052618294
11688.907710071713,1954,4,2,602.1725978296636,Downtown,Split,0,1,110101.12349249041
8048.072292634519,2004,4,3,988.9165505165013,Suburb,Split,0,1,154827.73698661293
8538.62384870591,1951,4,2,391.54353244746716,Suburb,Split,1,1,149726.62629080474
8222.818227283393,2011,2,2,140.65239740438935,Downtown,2Story,0,1,69026.5179474721
7408.027690960552,1970,2,2,798.0758940385963,Suburb,1Story,0,0,71475.12488763547
10145.56488383448,1970,4,3,333.3252882409131,Rural,1Story,0,1,92292.13580543721
7507.149650766886,1959,4,1,427.68228388488143,Downtown,1Story,0,0,77543.89836566354
10811.370477339517,2007,5,3,276.45006921476494,Rural,1Story,0,1,109136.18554132988
9849.28567165259,1988,4,1,428.2592453902162,Downtown,2Story,1,1,120763.77469343855
9283.155859400771,1954,5,1,331.92169275891183,Rural,1Story,0,1,100784.06692794783
7277.309013875206,2014,3,1,635.2883632989542,Rural,Split,1,1,142319.2906543369
8269.686008295002,1962,2,2,516.1583259443959,Suburb,Split,0,0,71560.11348150895
12266.173677477269,2002,4,2,363.78896787706424,Rural,1Story,0,0,147457.3039249718
11502.751562873142,1994,2,1,699.1743953317855,Suburb,Split,1,1,72201.96255206532
7067.334265604347,1981,2,1,550.9993501349197,Downtown,2Story,0,0,69988.06948377762
10297.996916287677,1985,2,2,130.7903499111889,Rural,1Story,0,1,59111.371754732085
12254.161370115367,2009,3,3,683.9406628168604,Rural,1Story,0,1,104098.76234485525
4991.784156635885,1960,1,1,536.973576770527,Downtown,2Story,0,1,60303.2067885693
11630.080577139805,2012,4,3,778.1464975183085,Downtown,Split,0,1,141131.28703446762
8012.12872316246,1970,1,2,524.7834852685289,Rural,2Story,1,1,117875.55189757871
11711.796005779477,2001,1,1,341.658129886481,Downtown,2Story,0,1,57125.19339044189
7710.222530372449,2004,1,3,459.1409333396326,Suburb,Split,0,1,67578.11713790998
4585.353698006443,1975,2,3,660.783866176144,Downtown,2Story,1,1,135269.25811979367
5117.372686350512,2017,5,3,345.8525880598275,Downtown,Split,0,1,132450.7718556245
10144.254839984145,1983,2,2,411.9406425784883,Rural,Split,0,0,50000.0
10779.167505164445,2001,2,2,455.66228400018656,Suburb,2Story,0,0,66019.99848480544
7287.050124686774,2001,1,3,270.1256779568254,Downtown,Split,0,1,76297.99594722192
11915.777376332122,1978,2,3,348.7353150742851,Suburb,2Story,0,1,89801.5721321205
5015.43981319312,1987,1,2,534.510038360838,Suburb,Split,1,1,105081.91740881147
9801.76060405805,1991,5,3,740.4955495306017,Suburb,1Story,0,1,143693.09090242683
6366.951400712631,1970,4,3,563.4293969420951,Rural,Split,0,1,134587.37858979075
8044.491676593522,1991,1,2,490.8277481261957,Downtown,Split,0,1,74124.14857942403
10142.196013949242,1962,5,3,333.7458452095379,Rural,2Story,0,1,133553.30189608724
7418.759904148143,2013,4,3,719.0320823440463,Downtown,Split,0,1,140972.92277277756
8846.333367310524,1966,3,3,586.7010999893685,Downtown,1Story,0,1,157545.3825378608
13018.878427643322,1958,1,2,358.6540472961521,Rural,1Story,0,1,84065.41602508542
8269.324391430553,1990,1,3,679.7296917369802,Suburb,Split,1,1,121977.01296933595
12507.076336195425,1950,3,2,611.9154123020934,Suburb,Split,0,0,72716.69584150228
6610.879436027146,1951,3,2,337.2939301267528,Downtown,1Story,0,1,84184.15530556864
11589.412533745848,2009,1,1,479.72434874716,Rural,2Story,1,0,105317.87458566223
14324.705861973702,1997,3,1,401.44545435141265,Suburb,1Story,0,1,76656.77051952029
2585.066499618132,1978,2,3,1026.707588006321,Suburb,1Story,0,1,118846.63740260294
7609.31423358857,1959,4,2,606.3489766251317,Downtown,Split,0,1,114865.4754613043
11731.21638154162,2007,4,1,537.3524109696481,Downtown,Split,0,1,118042.67825546814
9390.863841871022,2009,4,3,594.5326112153426,Rural,1Story,0,1,124987.60965347722
11113.437620113926,1970,2,1,775.8325176394995,Downtown,2Story,0,1,92439.92042114121
8188.044439852538,1977,3,1,483.3239711123069,Suburb,1Story,0,0,66661.7411069814
10259.7693624187,1983,5,2,382.01814042684873,Suburb,1Story,0,1,151793.71870560126
9532.968293823762,1957,3,2,668.8566456194835,Suburb,2Story,0,0,78512.60947523254
13503.346184979422,2008,1,1,465.0110867997376,Suburb,1Story,0,0,66738.4846976054
10763.262529903639,1998,4,1,286.0209341838993,Rural,1Story,0,1,85505.9622080207
11012.807986225607,1966,3,2,247.06271364878836,Rural,Split,1,1,94988.33720468683
8764.369101632597,2009,5,3,805.8593101679066,Downtown,2Story,1,1,170264.75426961324
8537.181327782519,1994,1,2,526.328913383857,Downtown,Split,0,1,50000.0
8702.325436541138,2018,2,1,382.08652320151975,Downtown,Split,0,1,82763.31834212753
11183.356427134891,1981,2,3,453.1330177915873,Rural,2Story,0,0,55588.96226338863
8737.046557539212,1993,5,1,661.4889436016704,Suburb,2Story,0,1,123303.4270938068
10869.32457068924,2014,1,3,441.31889683159096,Downtown,1Story,0,1,96807.0700392617
16226.202395936316,1957,4,1,210.11605416451636,Suburb,Split,0,1,103955.11832707787
12613.374110295077,1992,3,3,565.168170429585,Downtown,2Story,0,0,71951.36394263688
9021.929403496477,1950,1,3,741.6695635147126,Downtown,Split,0,0,81384.56906838933
13603.641766491835,2000,2,1,728.2928635944502,Downtown,Split,1,1,137360.55924355253
8775.773880935345,1973,5,3,388.13401237255096,Downtown,2Story,0,1,122057.60015363962
3885.6263944664383,1973,5,2,753.8345312916758,Downtown,1Story,0,0,138302.04938856504
6975.741067247788,1966,3,1,542.5899947343246,Suburb,Split,0,0,53933.66503149792
4387.624236922433,1954,5,2,748.2294687757453,Downtown,2Story,0,1,148568.4887458963
8945.459547876075,1969,5,1,614.7374060005108,Suburb,1Story,0,1,128351.75212209744
10055.255137568654,1970,1,3,195.6806314734661,Rural,Split,0,1,78107.52324155804
15029.311936825849,2007,4,3,849.3477875016692,Downtown,2Story,0,1,158300.60423222583
10980.782121292488,1980,3,3,510.3567702397907,Suburb,Split,0,1,84557.97414217942
9342.698413573407,1960,1,1,615.3587647827634,Rural,2Story,1,1,92592.43003815775
12488.216743550467,2001,4,2,231.19107430563116,Rural,2Story,1,0,143842.70876819448
3366.5940729763447,1964,1,2,601.065300015613,Rural,Split,1,1,55780.75450586183
10706.843674325697,1956,1,1,720.585546548532,Suburb,Split,0,1,89074.86804141116
12312.5955816609,1977,5,1,887.0640673196808,Downtown,2Story,0,0,157210.4313143824
5564.2412626604755,2000,4,2,780.0799589590565,Downtown,1Story,0,1,102366.92995088338
13431.262129620787,2007,3,2,610.844940789208,Suburb,Split,0,1,95962.57823780704
11015.489222483242,1954,3,2,191.12452933032276,Downtown,2Story,0,1,93421.2477977516
8754.136258297596,1954,4,2,526.4545580994843,Suburb,2Story,1,1,122087.76695128437
11898.345598318854,1957,5,1,381.49808695741393,Downtown,1Story,0,1,140185.47147676116
16812.078573413186,2013,2,1,546.9955749632494,Rural,1Story,0,1,102995.82484901803
10545.598765175486,1959,1,3,256.7348334409802,Downtown,1Story,0,1,50000.0
10744.661758901007,1987,5,2,457.9666184416197,Suburb,Split,1,1,139844.61554104974
8621.917301379268,1957,4,3,396.5633832387863,Suburb,2Story,0,0,119011.12477165351
7450.466891605624,1974,1,1,390.3667288061507,Rural,2Story,1,1,94606.02916417015
12491.007449632736,2015,3,1,392.35276280176913,Suburb,2Story,1,1,158611.34892064557
7431.7485222733985,1999,2,3,472.8290567223511,Downtown,1Story,1,1,104018.12621235067
10214.698711658177,2016,3,2,557.2389518096044,Downtown,2Story,0,1,136748.4513670366
8567.02765970465,1998,4,2,0.30128242570981456,Rural,Split,0,1,74622.45550261116
11436.939477239177,1985,1,2,24.71342873242728,Suburb,1Story,0,1,57856.459480511185
11000.986315860846,2017,4,2,432.26173201562494,Rural,1Story,0,1,134269.94529512952
13112.619832773698,1990,1,3,460.4461910588771,Downtown,1Story,0,0,50000.0
8469.950803435759,2011,5,3,537.8222433207882,Rural,1Story,0,1,164299.9376357294
9190.375194119886,1959,2,1,354.46552902875516,Suburb,Split,1,1,119406.57402436668
7063.708852653078,1970,5,2,501.89303880453633,Rural,2Story,0,1,152082.9240982282
8667.120219771667,1985,5,2,525.304641003611,Suburb,Split,1,0,183918.6794539318
11131.901479134556,1961,4,2,353.0883806269057,Suburb,2Story,0,1,126169.28371625443
12270.965849936056,1951,2,3,702.6911643482202,Downtown,Split,0,0,77613.16584886007
7233.504027467124,1962,1,2,535.3972622910121,Downtown,1Story,1,1,120822.42084313084
12608.81776031698,2002,1,3,609.392219092658,Downtown,1Story,0,1,76916.37352112777
14066.913576414852,1981,3,2,513.7691462567706,Suburb,Split,0,0,88577.48494752224
11240.304709671103,1965,1,2,920.7346206123441,Rural,Split,0,1,107284.79954573863
15630.387437674197,1981,4,1,619.2794138235307,Suburb,2Story,0,1,121181.89104848748
7678.632402689281,1981,5,2,402.4013367585549,Downtown,Split,0,1,153319.49299895793
6266.035890065749,1960,5,2,664.1933768736801,Downtown,Split,0,1,187045.82311936002
4663.839253287164,1959,5,1,172.47901650866564,Rural,2Story,0,0,64823.31037893816
14488.132934467549,1964,2,3,523.9200525334209,Downtown,2Story,0,1,89174.16157982197
11963.096969062173,1966,1,3,563.8320580183981,Downtown,2Story,0,0,74238.80112185673
9833.245987268634,1989,4,2,526.2041524157396,Downtown,Split,0,1,109044.72121452483
10839.90587895946,1967,2,3,433.2442258322225,Rural,2Story,0,1,89956.48498044274
6623.532858104871,2004,3,2,297.545328632597,Suburb,1Story,1,0,118859.89388571227
17337.255938850478,1974,4,1,342.1305975898075,Downtown,1Story,0,1,110538.06906621422
10387.663545925683,2008,4,1,520.4149832494768,Rural,1Story,0,0,99871.28040405076
10328.18438381468,1971,4,2,277.29615351440145,Downtown,Split,0,1,107022.69958484282
12177.299871696077,1979,5,1,854.0335231294546,Rural,1Story,1,0,144246.04646531734
11443.02769521014,1993,4,1,-28.1795358687412,Downtown,Split,0,1,109095.9102724694
10671.652072837394,1981,1,2,435.31242649107924,Rural,Split,0,0,86240.11457714229
7628.5766336640645,2000,4,2,522.0779278215394,Downtown,1Story,0,1,139556.462229583
11414.405071407988,1995,5,1,601.4841855666577,Suburb,2Story,0,1,104700.82157172787
15646.073489425102,1970,4,3,316.8150545475146,Downtown,Split,0,0,95753.00486158056
14036.260138464933,1981,3,3,726.8589587776424,Rural,1Story,0,1,126576.62973572446
14779.559879918192,1988,3,2,221.23379123741543,Downtown,Split,0,1,69195.59460222526
8466.352970706444,1961,5,2,386.7742822784864,Suburb,2Story,1,1,150105.05173820994
7031.185539224258,1996,1,3,624.1495110558848,Downtown,2Story,0,1,89322.22325887134
9622.639239701055,1967,1,1,708.0377129585504,Rural,1Story,0,1,91880.87553206914
10167.174736866084,1970,2,3,219.19974072378045,Rural,Split,0,0,56095.84998998504
13282.574555412846,1962,5,3,1029.0073580830317,Suburb,Split,1,0,199049.25141517963
4922.606110855542,1970,4,3,320.5016873665581,Rural,Split,1,1,121926.94970604872
14588.65095838184,1957,5,3,237.56350449444346,Downtown,Split,0,1,109367.27778107891
9525.976304263031,1995,2,2,600.5429783546514,Downtown,1Story,0,1,85035.16252613545
8719.35679015774,1956,5,2,430.3413092837086,Downtown,2Story,0,0,111161.69676538317
6963.6868742194965,1972,5,1,400.7895374920511,Rural,1Story,0,1,66978.86571529278
5035.429984402691,1971,2,1,619.1288115139439,Downtown,Split,0,1,90292.74618376
12469.511751885744,1971,1,1,194.5408619144382,Downtown,Split,0,0,64138.58884815579
10219.953901565212,1978,4,1,159.57312000505962,Downtown,2Story,0,1,101906.2468988157
6130.117300776838,1962,2,3,380.5153269713544,Suburb,Split,0,1,84073.66898547224
6114.763683809152,1951,3,2,715.580347890665,Rural,1Story,0,1,87248.3433859795
8992.645902129616,1978,1,2,389.18894131744327,Rural,1Story,0,1,50000.0
15007.064575868179,2001,3,1,819.8313369057229,Rural,2Story,0,1,76381.16499673847
9221.225945909186,1976,1,1,740.2029522343781,Suburb,1Story,0,1,70085.56237104045
5490.571140645681,1999,4,3,556.589236901497,Rural,1Story,0,0,157922.56792550668
9262.770807742168,1972,4,3,567.9447718749515,Suburb,1Story,0,1,74348.39848919687
9181.829290756988,1993,5,1,556.4005250033712,Suburb,1Story,0,0,124216.20232777738
1909.340071175285,1971,3,2,531.94354573642,Rural,Split,0,1,88161.96243981393
9837.115400446562,1992,1,2,426.7516605043641,Downtown,1Story,0,1,61926.0549986558
9307.196409373966,1986,4,2,449.9624333585674,Downtown,2Story,0,1,95437.21590114187
12088.619094440255,2010,2,1,286.00796868148353,Rural,2Story,0,0,50000.0
15546.868284836035,2005,4,2,57.991442141964015,Rural,1Story,0,1,99067.78556339297
13379.695088643271,1952,2,3,720.81412185641,Suburb,2Story,1,1,134630.5727731003
9193.333928335509,2012,1,3,531.4516873570597,Rural,1Story,0,1,99231.31888152214
6680.42227377499,1968,4,1,501.2422711243572,Suburb,2Story,1,1,96224.04365679181
17720.079409749582,1972,4,3,579.6898245715759,Rural,2Story,0,1,146841.13869223805
10177.655302043464,1978,1,1,334.3205090412702,Downtown,1Story,1,1,95453.95309018761
10041.787875738839,1979,4,2,299.78755732311345,Downtown,1Story,0,1,114479.6694735425
9927.62473866999,1988,2,2,443.26306126436947,Rural,Split,0,1,75643.19696923596
10594.254282303566,1974,4,2,773.6196963527625,Suburb,1Story,0,1,135355.54470424005
9566.918764228172,1957,3,3,266.25179430137473,Downtown,1Story,0,0,78899.27776650457
8279.013979359292,2007,5,1,-25.41307136163322,Suburb,Split,1,0,126882.46317141206
8359.423176278824,1965,2,2,395.7197816362495,Rural,1Story,0,1,72038.6973550396
9901.740189352005,1950,3,1,728.5399832470366,Rural,1Story,0,1,101686.50516577871
8369.725686598706,1954,1,2,153.49119512912927,Downtown,Split,0,1,50000.0
7861.462651968507,1952,2,3,263.9432792354257,Rural,1Story,0,1,87581.7743720954
10319.290683075691,2014,5,3,552.7093481156337,Downtown,1Story,1,1,157147.5712945177
9235.068347737435,1953,5,1,1013.981407095067,Suburb,Split,0,1,154340.7453854421
14511.978965748065,2013,1,3,228.3576662947609,Downtown,Split,0,1,86631.50100935221
2047.090574820964,1959,1,3,220.61318170640817,Downtown,2Story,0,1,52751.67114917558
13274.520555767385,1970,2,1,567.7396737678371,Suburb,1Story,1,1,104143.49494330387
13738.255577492888,1995,4,2,740.9348879987409,Downtown,2Story,0,1,133174.02518277714
3779.8293027755517,1976,1,3,375.18025753485796,Downtown,2Story,0,1,81758.08580843708
8971.937217758954,2015,4,1,175.7211687755662,Rural,Split,0,0,94172.93432383421
8885.677402012625,1990,3,3,586.7498441772692,Suburb,1Story,0,1,129606.57251015285
5777.464915846536,1962,5,3,622.9682794605947,Downtown,1Story,0,0,122808.38247722555
7666.549937227374,1958,4,3,855.7310253076497,Suburb,Split,1,1,198629.65534783684
6668.272463602514,1985,5,3,631.3894224648558,Suburb,2Story,0,0,148175.9033702948
15256.811330270868,2007,4,1,665.6132152744759,Downtown,Split,1,1,170236.11672206703
12807.035179442384,2003,3,1,447.57097122641886,Rural,1Story,0,1,97740.75338055375
13814.665284982477,1961,1,1,988.3008684338936,Suburb,Split,0,1,91769.29918011531
12165.016192129704,1963,3,3,420.371597882306,Downtown,1Story,1,1,128096.40902794573
6612.844686348313,1983,1,3,377.615575717646,Suburb,2Story,0,1,66371.41766399189
8426.43920116068,2002,1,3,861.9029837037214,Rural,1Story,0,1,120886.17719928506
11468.123683683754,1969,5,1,205.15254422091803,Rural,2Story,0,1,110564.12093951106
6333.616573324164,1965,3,3,130.51832309441698,Rural,2Story,0,1,88457.97541018619
12138.995290517165,2019,4,2,523.911384919697,Downtown,1Story,0,1,100764.45948146198
9279.023805525596,2005,3,3,499.65269534486094,Downtown,1Story,0,1,144677.7357594607
8875.537577351208,2007,5,2,454.42240368986756,Rural,2Story,1,0,143762.3842529183
12132.879904610476,1953,1,3,698.7859514243304,Downtown,Split,1,1,88826.17482589159
11332.78993445812,1953,5,1,318.35876354228594,Rural,1Story,0,1,110959.71539294935
8917.10150254276,1969,2,3,512.8334251249348,Downtown,2Story,1,0,101612.43351526093
13477.989410092745,1959,2,2,427.9788094723626,Rural,2Story,1,1,100594.7923648161
6756.810017200308,1973,4,2,321.75629997864985,Suburb,Split,0,1,117980.5791385318
11847.806820832791,1975,5,3,487.6319832078633,Rural,1Story,0,1,136009.28679999677
11779.30377390515,1986,4,2,670.5191606590205,Rural,2Story,0,0,104133.77002908023
9071.36068205803,2003,4,2,924.1136240861002,Downtown,Split,0,1,166844.48954990276
10978.399066726353,1970,2,1,615.8837965797939,Downtown,2Story,0,0,50000.0
6246.65927084409,1987,4,3,-2.167000280290221,Downtown,1Story,1,0,110626.4704208084
12772.081057620702,1995,2,3,492.37198291167,Downtown,Split,0,1,115823.35716933597
9445.293590671034,1953,1,3,509.9605581805668,Downtown,2Story,0,1,91431.1298227844
8431.830938442881,2009,5,2,687.24180191599,Downtown,Split,0,1,163747.3802707163
13147.027677510669,2006,4,3,536.9620604979478,Suburb,1Story,0,0,156011.01089935258
7886.9689283717225,1994,2,3,750.6177834604154,Rural,Split,0,1,143988.79374014432
5774.616110909321,1969,3,1,578.3341231230544,Rural,1Story,0,0,55763.758039604305
5330.112479428289,1966,4,1,811.7596138995777,Rural,2Story,0,1,88027.21349762325
11818.029854036919,1953,1,1,412.2508159903413,Suburb,1Story,0,1,60567.76923202774
6158.7119425111505,1963,1,2,528.8686934593388,Rural,2Story,0,1,50000.0
15264.382545953094,1952,3,3,665.3283070779793,Suburb,2Story,0,0,63089.67277545696
3754.211776348834,2007,2,1,385.5611859413113,Suburb,1Story,0,1,79340.45857206077
15089.369104870115,2004,4,1,341.9974395837848,Suburb,2Story,0,1,111991.6721799426
10633.052401607854,1953,2,1,374.12958006266297,Rural,Split,0,0,86335.62243812947
9709.860664388823,1973,1,3,350.15687658221555,Suburb,2Story,0,0,73273.56383556314
8365.242739573152,1983,2,3,604.5123841750654,Rural,1Story,0,1,140000.47335554188
11197.408343056211,1979,1,3,133.03839407308894,Rural,Split,1,1,94774.97749380456
9887.095892725454,1968,2,2,188.8059947364186,Downtown,Split,0,1,50000.0
13309.905646049565,1980,3,2,872.5492984714525,Downtown,2Story,0,1,136204.3051034656
10342.682945986118,2009,5,1,354.9806558051645,Suburb,2Story,1,1,168438.7216101145
10450.905284385633,2009,3,3,540.0029702343496,Suburb,1Story,0,1,123826.34552279278
8909.163363358432,1968,3,1,202.17071642017436,Rural,Split,0,0,89008.63676175711
9829.163128836797,1998,5,3,518.8248535578552,Suburb,1Story,1,0,151374.52004845758
10923.405306676177,2012,5,3,356.1986664637192,Suburb,2Story,0,1,148037.1497185592
4869.494822030124,1971,4,3,187.3821003679172,Rural,Split,0,1,106031.15833977878
5955.4437336828605,1973,4,2,767.3840875129426,Suburb,1Story,1,1,201309.630640926
12229.792282068145,1979,3,2,736.5131454121743,Suburb,1Story,0,1,129673.16891997363
10512.596314383825,2007,3,3,478.5290418571967,Rural,1Story,0,1,90397.47543897953
9448.049990941963,1980,1,1,699.8838065355822,Rural,1Story,0,1,108140.62019618091
10055.301799196179,2013,1,3,880.6585375454321,Downtown,1Story,0,0,73769.8847281158
11042.745116085012,1968,4,3,650.8151866316178,Rural,Split,0,1,132725.10597407253
8380.720959071916,1997,4,1,595.9359479019927,Downtown,1Story,0,1,121946.62052120356
7665.085823793062,1994,1,3,539.7899392966619,Suburb,Split,1,0,105465.9873199441
10587.535765293045,2004,1,1,629.8994729718479,Rural,1Story,1,1,104675.29347601328
7064.881667154904,2004,2,2,427.2161213020727,Rural,2Story,1,1,87170.54477498612
11224.758267143416,1967,2,2,444.6728261677107,Rural,2Story,0,0,76786.58159429918
4892.249187286478,2012,1,1,590.178275042503,Suburb,1Story,0,0,75770.75498671207
13087.466911976931,1996,2,2,405.2270259680942,Downtown,2Story,1,1,129429.50656740763
11417.79244723913,2006,5,2,426.84006544129954,Suburb,Split,1,1,129019.92932749662
10768.089202941626,1994,4,1,500.0373329269947,Suburb,1Story,0,1,94396.4899087586
12948.072951836542,1982,4,2,730.1215101186139,Rural,Split,0,0,91945.12331143147
14996.42333338773,1966,1,3,273.46724928807043,Downtown,1Story,0,0,60219.58653774639
13043.11019505439,2019,3,3,651.8357005410522,Suburb,2Story,0,0,76589.26048005193
4477.377306005064,1953,1,1,658.359282560694,Rural,Split,0,0,50000.0
6161.269099792896,1969,2,2,657.1624018593618,Suburb,2Story,1,0,89517.03299094141
8125.544266912963,1996,3,3,338.6507239581022,Suburb,2Story,0,1,68677.98939595978
10078.273150632502,1964,2,3,161.4636768978126,Rural,1Story,0,1,77017.98449921502
11552.97706140737,2019,5,2,611.9400944822844,Rural,Split,0,1,98482.62971456637
7822.768560539604,1996,2,2,537.5077568827924,Downtown,2Story,0,0,84260.51092061566
10560.300293431235,1958,5,3,700.8753269526264,Suburb,1Story,0,0,126008.93657718816
7733.851202940033,1965,5,3,359.8926343980923,Rural,1Story,0,1,120092.30608720516
8165.446591024155,2018,2,1,652.0236752512723,Rural,1Story,0,1,78267.86579708869
5780.0167094553335,2010,2,1,710.8824224438823,Downtown,2Story,0,1,88394.19944338105
7230.3002616672875,1959,5,3,480.93805579012985,Downtown,1Story,0,1,149876.52944698549
5944.946183150999,1999,3,1,583.3859006529633,Rural,Split,0,1,123470.68996642203
7072.380241068002,1952,5,3,576.393291504819,Downtown,Split,0,1,162368.50468195073
13160.925389823518,2019,4,3,335.70609419407,Rural,2Story,1,1,191450.68041913406
7151.803333504171,2000,5,1,606.2193204569215,Suburb,Split,0,1,141888.42824373013
17897.146194512174,1968,3,1,824.4996681802028,Downtown,1Story,1,0,119010.25691843392
11479.953702642668,1991,4,2,504.44078690852734,Suburb,2Story,0,1,108296.20249582021
10554.508371084621,1984,1,2,207.81501226966853,Suburb,1Story,1,0,58420.31655834364
7424.92665945636,1995,1,2,362.55469381719803,Suburb,2Story,1,1,101482.7444887729
12100.929638226973,1975,3,3,144.11411022967448,Rural,2Story,0,1,72837.83197230191
8273.086521286677,2018,5,1,758.0522258092129,Suburb,1Story,0,1,142364.86493951222
10366.029443936084,2013,2,3,652.8210592656189,Suburb,Split,0,1,106667.41534164263
17680.253614806385,1986,3,1,399.7261456664363,Suburb,Split,1,1,97201.16868942411
9711.82030082605,1998,4,3,216.3880156062127,Rural,2Story,0,1,92692.71312399526
13447.819978857027,1970,4,2,333.34100835150196,Suburb,1Story,0,0,142295.8786520005
7890.470724622338,2013,1,2,372.34460686057054,Suburb,1Story,0,0,50000.0
9895.034528509115,1954,4,2,521.8815198040116,Downtown,2Story,1,1,138237.85504855338
15312.401906906529,2019,3,3,515.151868639676,Rural,Split,0,1,140262.39361419698
8119.098826636698,1953,4,1,768.2863950747405,Suburb,1Story,0,1,127376.64804056895
15437.345673990787,1988,3,1,361.4490284603915,Downtown,Split,0,1,75556.11376064627
12123.255806366426,1984,2,2,198.36242912921435,Rural,Split,0,1,50000.0
8312.599672317197,1950,1,2,268.60430497154164,Rural,2Story,0,0,50000.0
11897.223217166562,1973,4,2,495.3950291106998,Rural,2Story,0,1,62398.41870500904
12917.663348880189,2006,3,2,354.2643866108418,Rural,Split,0,0,84839.73717194826
11865.42988665159,2019,5,1,441.59829089739486,Rural,1Story,1,1,147795.10058162705
5289.325840328631,1990,1,3,409.19328393611124,Rural,1Story,0,0,83914.99602574084
7818.5884725253945,2003,2,3,698.0476907410365,Suburb,2Story,0,1,85413.77556008843
9257.444093345486,1995,3,3,382.60686258153555,Suburb,Split,0,0,85253.48957308891
9776.699712699861,2009,2,3,424.53158461043796,Suburb,1Story,0,1,103962.37916439923
11862.016292652033,2009,2,2,643.4567162317551,Suburb,1Story,0,1,100302.81114858552
10533.103002799762,2006,4,2,387.0036177935848,Downtown,2Story,0,1,86202.58198149885
5993.966923869696,1980,4,2,584.6424748914036,Suburb,Split,0,1,107342.02880613123
11140.59355301789,1973,3,3,566.2970524043518,Rural,1Story,0,1,141724.48976037564
11831.75723585147,1985,5,2,528.3531717922159,Suburb,2Story,0,1,138222.50386779162
11679.37134379312,1979,3,2,273.12072345870206,Suburb,1Story,1,1,81390.50692682844
13242.342176663866,1973,5,1,745.9548449043874,Rural,1Story,0,0,135394.80860053273
12501.766463646713,1979,2,1,944.1367593166228,Suburb,1Story,1,1,91246.56110941201
11377.54023768531,1956,1,2,501.76562765347893,Suburb,2Story,0,0,50000.0
9789.50286562406,1984,3,1,290.72902532592497,Suburb,Split,0,0,77299.87738648204
5017.117199452027,2004,3,1,505.8205416650045,Downtown,2Story,0,1,118015.31585561947
11288.854657397758,1963,5,2,697.9720281171998,Suburb,Split,1,1,117553.005199218
10623.063061489333,1959,2,2,376.96246485687857,Rural,1Story,0,1,92086.15602287278
10814.736511586121,1965,2,2,474.2201631763621,Rural,Split,0,1,100553.64832494331
6169.754272539071,2003,5,2,568.1308272824282,Suburb,1Story,0,0,110627.92954368421
6756.830378775213,2019,2,3,740.6095704411849,Suburb,1Story,0,0,98816.228614534
13159.458559998711,1993,4,3,655.0847466178749,Suburb,2Story,0,1,74146.39736966687
9881.334538430036,1994,1,2,663.3735939064525,Rural,1Story,0,1,50000.0
12044.502092117873,2005,3,1,414.74628866471494,Rural,2Story,0,0,96528.41385432202
10084.955128391379,2006,1,2,580.3837910347846,Downtown,Split,1,1,91942.13452330376
10089.26841848723,1970,3,2,355.6073345749742,Downtown,Split,0,1,85957.0147828908
